开始测试时间,测试耗时,测试位置,项目名称,测试结果,蓝牙地址,输出功率-测试结果,输出功率-低频-最大(dBm),输出功率-低频-最小(dBm),输出功率-低频-峰值(dBm),输出功率-低频-平均(dBm),输出功率-低频-结果,输出功率-中频-最大(dBm),输出功率-中频-最小(dBm),输出功率-中频-峰值(dBm),输出功率-中频-平均(dBm),输出功率-中频-结果,输出功率-高频-最大(dBm),输出功率-高频-最小(dBm),输出功率-高频-峰值(dBm),输出功率-高频-平均(dBm),输出功率-高频-结果,频偏漂移-测试结果,平均频偏-低频(kHz),最大+ve频偏-低频(kHz),最大-ve频偏-低频(kHz),漂移速率-低频(kHz),最大漂移-低频(kHz),平均漂移-低频(kHz),频偏漂移-低频-结果,平均频偏-中频(kHz),最大+ve频偏-中频(kHz),最大-ve频偏-中频(kHz),漂移速率-中频(kHz),最大漂移-中频(kHz),平均漂移-中频(kHz),频偏漂移-中频-结果,平均频偏-高频(kHz),最大+ve频偏-高频(kHz),最大-ve频偏-高频(kHz),漂移速率-高频(kHz),最大漂移-高频(kHz),平均漂移-高频(kHz),频偏漂移-高频-结果,单时隙灵敏度-测试结果,误码率-低频(%),误帧率-低频-结果,误码率-中频(%),误帧率-中频-结果,误码率-高频(%),误帧率-高频-结果,
08:00:23,0:00:09,P2,TK-045,PASS,MAC: A4C138E55E93,PASS,-0.74,-0.74,0.11,-0.74,PASS,1.44,1.43,0.15,1.43,PASS,0.76,0.76,0.13,0.76,PASS,PASS,22.5,23.6,21.6,2.5,3,1,PASS,22.9,24,21.8,-2.55,3,1,PASS,23.4,24.2,22,-2.45,3,0,PASS,PASS,1.200,PASS,0.000,PASS,0.600,PASS,
08:01:06,0:00:09,P2,TK-045,PASS,MAC: A4C138655393,PASS,-2.11,-2.13,0.12,-2.11,PASS,0.61,0.61,0.15,0.61,PASS,-0.28,-0.28,0.14,-0.28,PASS,PASS,17.9,19.2,16.6,-2.35,3,0,PASS,18.3,20.2,17,2.84,3,0,PASS,18.7,19.9,17.1,-2.2,-4,0,PASS,PASS,6.200,PASS,0.200,PASS,0.000,PASS,
08:01:35,0:00:10,P2,TK-045,PASS,MAC: A4C138E55593,PASS,-2.02,-2.12,0.12,-2.05,PASS,0.33,0.29,0.15,0.31,PASS,0.14,0.13,0.13,0.13,PASS,PASS,18.1,19.7,15.9,3.02,-3,0,PASS,18.4,19.4,16.8,-2.93,3,1,PASS,18.8,20.1,18,2.69,-3,1,PASS,PASS,12.400,PASS,0.800,PASS,0.000,PASS,
08:02:29,0:00:09,P2,TK-045,PASS,MAC: A4C138755793,PASS,-1.42,-1.43,0.12,-1.43,PASS,0.80,0.79,0.15,0.79,PASS,0.58,0.58,0.13,0.58,PASS,PASS,17,17.8,16.2,-2.42,3,0,PASS,17.4,18.8,16.1,2.45,3,0,PASS,17.8,19,16.3,-2.44,2,1,PASS,PASS,3.400,PASS,0.000,PASS,0.000,PASS,
08:02:57,0:00:09,P2,TK-045,PASS,MAC: A4C138655D93,PASS,-2.72,-2.72,0.12,-2.72,PASS,0.02,0.01,0.15,0.01,PASS,0.06,0.06,0.14,0.06,PASS,PASS,10.1,11.7,9.1,2.42,2,0,PASS,10.4,11.8,9.1,2.49,3,1,PASS,10.7,11.5,9.5,2.71,2,0,PASS,PASS,16.200,PASS,0.000,PASS,0.200,PASS,
08:04:03,0:00:13,P2,TK-045,PASS,MAC: A4C138655093,PASS,-1.92,-1.94,0.12,-1.94,PASS,0.62,0.62,0.14,0.62,PASS,0.00,0.00,0.13,0.00,PASS,PASS,14.2,15.4,12.9,-2.37,3,1,PASS,14.5,15.6,13.3,2.52,3,2,PASS,14.8,16.4,13.8,-2.66,2,2,PASS,PASS,4.200,PASS,0.000,PASS,0.400,PASS,
08:04:48,0:00:09,P2,TK-045,PASS,MAC: A4C138F55693,PASS,-2.11,-2.11,0.12,-2.11,PASS,0.27,0.26,0.15,0.27,PASS,-0.15,-0.15,0.14,-0.15,PASS,PASS,6.4,7.2,5.1,-2.97,3,1,PASS,6.5,7.5,5.4,2.53,2,1,PASS,6.7,7.8,6,-2.04,2,2,PASS,PASS,4.800,PASS,0.400,PASS,0.200,PASS,
08:05:26,0:00:09,P2,TK-045,PASS,MAC: A4C138E55793,PASS,-2.18,-2.19,0.12,-2.18,PASS,0.04,0.04,0.14,0.04,PASS,-0.37,-0.37,0.14,-0.37,PASS,PASS,13.6,14.8,12.2,-2.95,-2,0,PASS,13.9,15,13,1.95,-2,0,PASS,14.3,15.3,13.1,2.2,3,1,PASS,PASS,8.000,PASS,0.400,PASS,0.200,PASS,
08:06:19,0:00:09,P2,TK-045,PASS,MAC: A4C138E55193,PASS,-3.00,-3.00,0.13,-3.00,PASS,-0.45,-0.46,0.15,-0.45,PASS,-0.62,-0.62,0.13,-0.62,PASS,PASS,11.4,12.2,10.3,3.01,3,0,PASS,11.7,12.8,10.8,-2.39,2,0,PASS,12,13.6,10.9,2.51,3,2,PASS,PASS,14.800,PASS,0.600,PASS,0.400,PASS,
08:06:59,0:00:07,P2,TK-045,PASS,MAC: A4C138D55E93,PASS,-3.20,-3.21,0.12,-3.20,PASS,-1.16,-1.16,0.15,-1.16,PASS,-1.42,-1.42,0.14,-1.42,PASS,PASS,17.6,18.6,16.6,1.97,3,0,PASS,17.9,19,16.3,2.4,3,1,PASS,18.3,19.6,17.3,-2.28,3,0,PASS,
08:07:27,0:00:09,P2,TK-045,PASS,MAC: A4C138D55B93,PASS,-2.85,-2.87,0.13,-2.86,PASS,-0.22,-0.23,0.15,-0.22,PASS,-0.36,-0.36,0.14,-0.36,PASS,PASS,10.1,11.3,9,2.93,3,0,PASS,10.4,12,9.1,2.37,3,2,PASS,10.7,11.6,9.3,2.76,3,1,PASS,PASS,17.200,PASS,0.800,PASS,0.400,PASS,
08:08:04,0:00:09,P2,TK-045,PASS,MAC: A4C138D55893,PASS,-3.39,-3.40,0.12,-3.39,PASS,-0.14,-0.15,0.15,-0.14,PASS,0.12,0.11,0.16,0.11,PASS,PASS,7.7,9.2,6.7,2.79,2,2,PASS,8,9.2,6.9,2.15,3,0,PASS,8.2,9.1,6.4,2.23,3,0,PASS,PASS,22.800,PASS,0.000,PASS,0.200,PASS,
08:08:34,0:00:09,P2,TK-045,PASS,MAC: A4C138D55C93,PASS,-2.92,-2.92,0.13,-2.92,PASS,-0.49,-0.50,0.15,-0.49,PASS,-0.76,-0.77,0.15,-0.77,PASS,PASS,10.2,11.2,8.5,-2.86,3,0,PASS,10.5,11.8,9.5,2.4,3,0,PASS,10.8,12,9.2,1.84,2,0,PASS,PASS,15.400,PASS,0.200,PASS,0.000,PASS,
08:09:01,0:00:09,P2,TK-045,PASS,MAC: A4C138655F93,PASS,-2.98,-2.99,0.13,-2.98,PASS,0.05,0.04,0.15,0.05,PASS,0.27,0.26,0.14,0.27,PASS,PASS,4.5,5.8,3.7,-2.74,2,0,PASS,4.6,6,3.1,-3.16,3,1,PASS,4.8,6.5,3.2,2.69,2,0,PASS,PASS,12.400,PASS,0.800,PASS,0.200,PASS,
08:09:46,0:00:09,P2,TK-045,PASS,MAC: A4C138655E93,PASS,-2.53,-2.55,0.12,-2.55,PASS,0.46,0.44,0.14,0.45,PASS,0.59,0.59,0.13,0.59,PASS,PASS,24.4,25.6,23.5,2.63,3,1,PASS,24.9,25.9,24.1,2.37,3,1,PASS,25.4,26,24,2.36,3,0,PASS,PASS,11.200,PASS,0.600,PASS,0.000,PASS,
08:10:14,0:00:09,P2,TK-045,PASS,MAC: A4C138E55093,PASS,-3.59,-3.59,0.13,-3.59,PASS,-0.50,-0.51,0.14,-0.50,PASS,-0.25,-0.25,0.14,-0.25,PASS,PASS,15.3,16.6,14.2,2.8,-3,0,PASS,15.6,16.8,14.2,2.6,2,0,PASS,16,17.1,14.7,-2.12,3,1,PASS,PASS,24.800,PASS,0.200,PASS,0.200,PASS,
08:10:43,0:00:09,P2,TK-045,PASS,MAC: A4C138D55D93,PASS,-3.70,-3.72,0.12,-3.71,PASS,-0.34,-0.36,0.15,-0.35,PASS,-0.22,-0.22,0.14,-0.22,PASS,PASS,11.6,12.6,10.6,2.39,-2,0,PASS,11.8,13.2,10.6,-2.24,3,1,PASS,12.1,13.1,11,-2.3,-3,0,PASS,PASS,28.200,PASS,1.200,PASS,0.200,PASS,
08:11:12,0:00:10,P2,TK-045,PASS,MAC: A4C138D55993,PASS,-3.34,-3.41,0.13,-3.36,PASS,-0.08,-0.13,0.14,-0.09,PASS,0.18,0.17,0.14,0.18,PASS,PASS,13.4,14.7,11.6,2.3,3,1,PASS,13.7,14.6,12.5,-2.19,3,2,PASS,14,15.4,12.4,2.66,3,0,PASS,PASS,27.000,PASS,0.400,PASS,0.000,PASS,
08:11:47,0:00:09,P2,TK-045,PASS,MAC: A4C138755D93,PASS,-3.28,-3.29,0.14,-3.29,PASS,-0.23,-0.24,0.15,-0.23,PASS,-0.07,-0.07,0.14,-0.07,PASS,PASS,6.2,7.6,4.8,2.17,2,0,PASS,6.4,8.3,5.3,-2.56,3,2,PASS,6.6,7.7,5.8,2.36,2,2,PASS,PASS,20.400,PASS,0.200,PASS,0.400,PASS,
08:12:15,0:00:09,P2,TK-045,PASS,MAC: A4C138D55F93,PASS,-3.32,-3.34,0.13,-3.33,PASS,-0.91,-0.92,0.15,-0.92,PASS,-1.05,-1.06,0.14,-1.05,PASS,PASS,20.3,21.7,18.8,-2.64,3,-1,PASS,20.7,21.6,19.6,-2.24,3,0,PASS,21.1,22.5,19.9,3,3,0,PASS,PASS,16.400,PASS,0.200,PASS,0.200,PASS,
08:12:44,0:00:09,P2,TK-045,PASS,MAC: A4C138755F93,PASS,-3.60,-3.61,0.12,-3.60,PASS,-0.49,-0.50,0.16,-0.50,PASS,-0.19,-0.20,0.14,-0.20,PASS,PASS,13.5,14.7,12.7,2.26,2,1,PASS,13.8,15.3,12.7,2.24,2,1,PASS,14.2,15.2,13,-2.21,3,2,PASS,PASS,23.600,PASS,1.000,PASS,0.400,PASS,
08:13:14,0:00:09,P2,TK-045,PASS,MAC: A4C138155193,PASS,-2.86,-2.86,0.11,-2.86,PASS,-0.18,-0.18,0.16,-0.18,PASS,-0.15,-0.16,0.14,-0.16,PASS,PASS,17.7,18.8,16.9,-2.27,-2,0,PASS,18.1,19.3,16.2,2.72,3,1,PASS,18.5,19.8,17.5,-2.11,3,1,PASS,PASS,13.600,PASS,0.600,PASS,0.200,PASS,
08:13:43,0:00:09,P2,TK-045,PASS,MAC: A4C138155493,PASS,-2.53,-2.54,0.12,-2.54,PASS,0.24,0.23,0.15,0.23,PASS,0.16,0.15,0.13,0.15,PASS,PASS,21.1,22.2,19.7,-2.01,3,1,PASS,21.5,23.6,20.4,2.89,3,0,PASS,22,23.6,21.1,3.66,3,1,PASS,PASS,12.600,PASS,0.800,PASS,0.200,PASS,
08:14:11,0:00:09,P2,TK-045,PASS,MAC: A4C138155293,PASS,-2.86,-2.93,0.12,-2.92,PASS,0.07,0.01,0.15,0.04,PASS,0.17,0.12,0.14,0.15,PASS,PASS,14.3,15.4,13.4,2.51,2,1,PASS,14.6,15.6,13.2,-2.27,2,0,PASS,15,16.1,13.5,-2.14,3,1,PASS,PASS,16.000,PASS,0.000,PASS,0.200,PASS,
08:14:40,0:00:09,P2,TK-045,PASS,MAC: A4C138755193,PASS,-3.65,-3.66,0.13,-3.66,PASS,-0.64,-0.64,0.15,-0.64,PASS,-0.91,-0.92,0.14,-0.92,PASS,PASS,8.7,9.7,7,-2.38,2,1,PASS,8.9,9.8,6.6,-2.34,4,1,PASS,9.2,10.5,8.3,-2.01,3,2,PASS,PASS,29.400,PASS,1.000,PASS,0.800,PASS,
08:15:07,0:00:09,P2,TK-045,PASS,MAC: A4C138555993,PASS,-2.49,-2.55,0.13,-2.51,PASS,0.20,0.15,0.15,0.18,PASS,0.17,0.13,0.13,0.16,PASS,PASS,14.8,16.4,13.6,-2.54,3,1,PASS,15.2,16.6,13.8,2.44,3,1,PASS,15.5,16.5,14.7,-2.43,3,0,PASS,PASS,9.400,PASS,0.400,PASS,0.000,PASS,
08:16:04,0:00:10,P2,TK-045,PASS,MAC: A4C138855EE3,PASS,-3.71,-3.71,0.12,-3.71,PASS,-1.02,-1.03,0.15,-1.02,PASS,-0.61,-0.62,0.13,-0.62,PASS,PASS,23.9,24.9,22.7,2.75,-2,0,PASS,24.4,25.5,23.3,2.45,3,0,PASS,24.9,26.7,23.7,-2.81,3,2,PASS,PASS,25.200,PASS,1.200,PASS,0.800,PASS,
08:24:17,0:00:09,P2,TK-045,PASS,MAC: A4C138855CE3,PASS,-3.82,-3.88,0.13,-3.86,PASS,-0.83,-0.88,0.14,-0.86,PASS,-0.37,-0.42,0.13,-0.41,PASS,PASS,24,24.9,23,1.97,2,1,PASS,24.5,25.7,23.5,-2.1,2,0,PASS,25,26.1,23.9,2.86,3,0,PASS,PASS,24.000,PASS,0.400,PASS,0.200,PASS,
08:24:54,0:00:09,P2,TK-045,PASS,MAC: A4C1388551E3,PASS,-3.67,-3.69,0.14,-3.68,PASS,-1.34,-1.34,0.15,-1.34,PASS,-1.44,-1.45,0.15,-1.44,PASS,PASS,28.9,30.2,28.1,2.3,3,1,PASS,29.4,30.4,28.4,1.76,2,0,PASS,30,31,28.6,3.4,3,1,PASS,PASS,21.000,PASS,0.800,PASS,1.000,PASS,
08:25:21,0:00:09,P2,TK-045,PASS,MAC: A4C1388550E3,PASS,-2.76,-2.77,0.13,-2.77,PASS,-0.64,-0.64,0.15,-0.64,PASS,-0.64,-0.64,0.14,-0.64,PASS,PASS,23.5,25.1,22.4,-2.62,2,0,PASS,24,25.5,22.9,2.23,3,0,PASS,24.5,25.6,22.8,2.76,-2,0,PASS,PASS,10.000,PASS,0.600,PASS,0.000,PASS,
08:26:23,0:00:09,P2,TK-045,PASS,MAC: A4C138155E93,PASS,-3.02,-3.04,0.13,-3.03,PASS,-0.40,-0.41,0.15,-0.40,PASS,-0.51,-0.52,0.14,-0.52,PASS,PASS,12.9,14.1,11.4,-1.91,3,1,PASS,13.2,15.4,12,2.38,2,2,PASS,13.5,14.7,12.3,-2.54,3,1,PASS,PASS,13.800,PASS,0.000,PASS,0.800,PASS,
08:28:45,0:00:09,P2,TK-045,PASS,MAC: A4C138155593,PASS,-3.04,-3.04,0.13,-3.04,PASS,-0.41,-0.42,0.15,-0.41,PASS,-0.50,-0.51,0.14,-0.50,PASS,PASS,12.4,13.3,11,1.96,2,1,PASS,12.7,14.1,11.8,-2.57,3,0,PASS,13,14.2,11.4,-2.65,4,1,PASS,PASS,14.000,PASS,0.800,PASS,0.400,PASS,
08:29:23,0:00:09,P2,TK-045,PASS,MAC: A4C138955E93,PASS,-4.06,-4.07,0.13,-4.06,PASS,-0.99,-1.00,0.14,-0.99,PASS,-0.70,-0.70,0.13,-0.70,PASS,PASS,35.3,36.5,34.3,-2.21,3,2,PASS,36,36.7,35,-2.02,3,1,PASS,36.6,37.9,35.9,2.83,2,1,PASS,PASS,26.400,PASS,1.400,PASS,0.400,PASS,
08:29:58,0:00:09,P2,TK-045,PASS,MAC: A4C138455493,PASS,-2.89,-2.89,0.14,-2.89,PASS,-0.06,-0.07,0.14,-0.07,PASS,0.03,0.03,0.14,0.03,PASS,PASS,31.5,32.5,30.8,-2.25,3,0,PASS,32.1,33.5,31.4,2.32,-2,1,PASS,32.7,34,31,-2.47,2,1,PASS,PASS,10.600,PASS,0.400,PASS,0.200,PASS,
08:30:38,0:00:09,P2,TK-045,PASS,MAC: A4C138955293,PASS,-2.67,-2.69,0.13,-2.68,PASS,-0.48,-0.53,0.15,-0.53,PASS,-0.65,-0.69,0.13,-0.67,PASS,PASS,30.5,31.9,29.3,-2.44,3,1,PASS,31,32,30.2,2.63,3,0,PASS,31.6,32.5,30.8,2.84,3,1,PASS,PASS,17.800,PASS,1.400,PASS,1.200,PASS,
08:34:51,0:00:09,P2,TK-045,PASS,MAC: A4C138455293,PASS,-3.51,-3.52,0.13,-3.51,PASS,-0.60,-0.61,0.14,-0.60,PASS,-0.45,-0.46,0.14,-0.46,PASS,PASS,33.5,34.6,32,-2.6,-3,1,PASS,34.1,35.2,33.1,2.22,-3,0,PASS,34.7,36.5,33.2,3.1,3,-1,PASS,PASS,24.600,PASS,1.000,PASS,0.000,PASS,
08:35:21,0:00:10,P2,TK-045,PASS,MAC: A4C138955D93,PASS,-2.88,-2.90,0.13,-2.89,PASS,-0.07,-0.08,0.15,-0.07,PASS,0.23,0.23,0.14,0.23,PASS,PASS,29.7,31.1,28.5,-2.66,3,1,PASS,30.2,31.7,28.8,-2.64,3,1,PASS,30.8,31.7,29.3,2.69,2,0,PASS,PASS,16.200,PASS,0.400,PASS,0.400,PASS,
08:36:00,0:00:09,P2,TK-045,PASS,MAC: A4C138455393,PASS,-3.16,-3.21,0.13,-3.20,PASS,-0.20,-0.20,0.14,-0.20,PASS,0.09,0.04,0.13,0.05,PASS,PASS,33.3,34.5,32.3,2.48,2,1,PASS,33.9,35.1,31.8,3,2,0,PASS,34.6,35.3,33.8,-1.82,2,1,PASS,PASS,21.400,PASS,1.200,PASS,0.600,PASS,
08:36:33,0:00:09,P2,TK-045,PASS,MAC: A4C138455093,PASS,-2.70,-2.71,0.12,-2.71,PASS,0.25,0.25,0.14,0.25,PASS,0.52,0.51,0.13,0.52,PASS,PASS,33.8,35.1,32.2,-2.5,3,1,PASS,34.4,35.6,33.1,-2.9,3,0,PASS,35.1,36.4,33.9,-2.29,3,0,PASS,PASS,14.800,PASS,0.600,PASS,0.200,PASS,
08:37:12,0:00:10,P2,TK-045,PASS,MAC: A4C138455F93,PASS,-3.82,-3.83,0.13,-3.82,PASS,-1.34,-1.35,0.16,-1.34,PASS,-1.38,-1.39,0.15,-1.38,PASS,PASS,31.4,32.6,30.3,2.28,2,0,PASS,32,33.1,31.2,-2.61,4,1,PASS,32.7,33.8,30.7,2.7,4,1,PASS,PASS,24.000,PASS,1.800,PASS,1.000,PASS,
08:38:12,0:00:09,P2,TK-045,PASS,MAC: A4C138F55393,PASS,-3.48,-3.48,0.13,-3.48,PASS,-0.71,-0.72,0.15,-0.71,PASS,-0.75,-0.75,0.14,-0.75,PASS,PASS,20.5,21.4,19.2,2.42,3,1,PASS,20.9,22.6,19.6,-2.5,3,1,PASS,21.3,22.3,20,-2.25,3,1,PASS,PASS,25.200,PASS,1.400,PASS,0.600,PASS,
08:38:51,0:00:09,P2,TK-045,PASS,MAC: A4C138455793,PASS,-3.79,-3.83,0.14,-3.81,PASS,-0.96,-0.97,0.16,-0.97,PASS,-0.88,-0.88,0.15,-0.88,PASS,PASS,29.7,31.2,29,-2.35,3,1,PASS,30.3,31.4,29.1,2.5,3,0,PASS,30.9,32.3,29.8,-2.48,3,1,PASS,PASS,30.600,PASS,1.400,PASS,0.400,PASS,
08:40:49,0:00:09,P2,TK-045,PASS,MAC: A4C138955393,PASS,-3.95,-3.96,0.14,-3.96,PASS,-1.29,-1.30,0.15,-1.29,PASS,-1.23,-1.24,0.14,-1.24,PASS,PASS,30.5,32.2,28.5,2.19,3,1,PASS,31,32.5,30.1,2.26,3,1,PASS,31.7,33.6,31.1,-2.52,2,1,PASS,PASS,28.600,PASS,1.400,PASS,0.200,PASS,
08:41:50,0:00:09,P2,TK-045,PASS,MAC: A4C138A557E3,PASS,-3.42,-3.42,0.13,-3.42,PASS,-0.61,-0.62,0.15,-0.61,PASS,-0.53,-0.54,0.16,-0.54,PASS,PASS,12.3,13.2,11,2.08,2,0,PASS,12.5,14,11.2,-2.57,3,2,PASS,12.8,14.1,11.7,2.43,2,0,PASS,PASS,25.000,PASS,1.800,PASS,0.800,PASS,
08:45:06,0:00:09,P2,TK-045,PASS,MAC: A4C1389555E3,PASS,-1.75,-1.75,0.13,-1.75,PASS,0.12,0.11,0.16,0.11,PASS,-0.77,-0.77,0.15,-0.77,PASS,PASS,21.2,22.2,20.4,2.01,2,1,PASS,21.6,22.9,20.3,3.22,3,1,PASS,22.1,22.8,20.8,-2.19,-2,0,PASS,PASS,3.400,PASS,0.200,PASS,0.600,PASS,
08:46:31,0:00:09,P2,TK-045,PASS,MAC: A4C138955AE3,PASS,-2.29,-2.29,0.12,-2.29,PASS,0.43,0.42,0.15,0.42,PASS,0.27,0.26,0.14,0.27,PASS,PASS,14.2,15.1,12.5,3.13,3,0,PASS,14.6,15.5,13.3,2.39,2,0,PASS,14.9,15.9,14.1,-2.56,3,0,PASS,PASS,10.200,PASS,0.200,PASS,0.200,PASS,
08:47:23,0:00:09,P2,TK-045,PASS,MAC: A4C138A556E3,PASS,-3.47,-3.48,0.13,-3.47,PASS,-0.97,-0.97,0.16,-0.97,PASS,-1.05,-1.05,0.14,-1.05,PASS,PASS,17.9,18.7,16.1,2.33,2,0,PASS,18.3,19.4,16.9,2.45,-2,0,PASS,18.7,19.6,17.7,-1.97,3,1,PASS,PASS,16.800,PASS,1.000,PASS,0.000,PASS,
08:48:09,0:00:12,P2,TK-045,PASS,MAC: A4C138955FE3,PASS,-2.54,-2.56,0.13,-2.55,PASS,0.29,0.28,0.15,0.29,PASS,0.12,0.12,0.15,0.12,PASS,PASS,11.6,12.7,10.2,-2.53,3,1,PASS,11.8,13,10.9,-2.97,4,0,PASS,12.1,13.2,10.9,2.36,4,2,PASS,PASS,10.000,PASS,0.000,PASS,0.200,PASS,
08:48:49,0:00:09,P2,TK-045,PASS,MAC: A4C138955DE3,PASS,-2.88,-2.90,0.13,-2.89,PASS,0.12,0.12,0.15,0.12,PASS,0.14,0.14,0.14,0.14,PASS,PASS,16.9,18.3,15.9,2.25,-3,0,PASS,17.2,18.2,16.1,-2.62,-2,-1,PASS,17.7,19.2,16.4,-2.3,2,1,PASS,PASS,13.800,PASS,0.400,PASS,0.200,PASS,
08:49:19,0:00:09,P2,TK-045,PASS,MAC: A4C138955F93,PASS,-2.20,-2.27,0.12,-2.23,PASS,0.79,0.74,0.14,0.75,PASS,0.85,0.80,0.13,0.82,PASS,PASS,30.2,31.6,28.8,2.16,2,0,PASS,30.8,31.7,29.3,-2.56,3,0,PASS,31.4,32.8,30.3,2.21,2,2,PASS,PASS,8.400,PASS,0.600,PASS,0.400,PASS,
08:49:54,0:00:09,P2,TK-045,PASS,MAC: A4C138C55093,PASS,-2.95,-2.95,0.13,-2.95,PASS,-0.66,-0.67,0.15,-0.66,PASS,-1.01,-1.02,0.15,-1.02,PASS,PASS,14.9,15.6,13.9,2.67,3,0,PASS,15.2,16,13.8,2.55,2,1,PASS,15.6,16.8,14.6,-2.38,2,1,PASS,PASS,10.800,PASS,0.400,PASS,1.000,PASS,
08:52:23,0:00:09,P2,TK-045,PASS,MAC: A4C138955893,PASS,-2.35,-2.36,0.12,-2.36,PASS,0.17,0.16,0.15,0.17,PASS,0.02,0.02,0.15,0.02,PASS,PASS,28.3,29.6,26.8,2.82,3,0,PASS,28.8,29.9,27.3,2.08,2,0,PASS,29.4,30.6,28.5,2.92,3,1,PASS,PASS,8.400,PASS,0.800,PASS,0.200,PASS,
08:54:44,0:00:10,P2,TK-045,PASS,MAC: A4C1389557E3,PASS,-2.21,-2.22,0.13,-2.21,PASS,0.84,0.84,0.14,0.84,PASS,0.80,0.80,0.14,0.80,PASS,PASS,19.4,20.6,17.9,2.42,3,0,PASS,19.8,20.9,19.2,-2.15,3,1,PASS,20.2,21.5,19.4,2.3,3,0,PASS,PASS,7.800,PASS,0.000,PASS,0.000,PASS,
08:55:35,0:00:09,P2,TK-045,PASS,MAC: A4C138A55293,PASS,-3.68,-3.68,0.13,-3.68,PASS,-0.67,-0.67,0.15,-0.67,PASS,-0.48,-0.48,0.15,-0.48,PASS,PASS,39.9,41.1,38.6,2.8,3,2,PASS,40.6,42.1,39.1,-2.38,3,1,PASS,41.3,42.3,40.4,-2.16,3,2,PASS,PASS,29.200,PASS,1.400,PASS,0.400,PASS,
08:56:40,0:00:09,P2,TK-045,PASS,MAC: A4C1389551E3,PASS,-2.87,-2.88,0.12,-2.87,PASS,0.03,0.02,0.15,0.03,PASS,-0.11,-0.12,0.13,-0.11,PASS,PASS,20.8,21.6,19.9,2.32,2,2,PASS,21.2,22.1,19.9,-2.96,2,1,PASS,21.6,22.5,20.5,-2.8,4,0,PASS,PASS,19.000,PASS,0.200,PASS,0.400,PASS,
08:57:10,0:00:09,P2,TK-045,PASS,MAC: A4C138A550,PASS,-2.27,-2.27,0.13,-2.27,PASS,0.06,0.06,0.14,0.06,PASS,-0.19,-0.19,0.13,-0.19,PASS,PASS,34.3,35.4,33,2.02,-2,0,PASS,34.9,36,34,-2.04,3,0,PASS,35.6,36.7,34.2,-2.43,3,1,PASS,PASS,8.000,PASS,1.000,PASS,0.200,PASS,
08:57:43,0:00:09,P2,TK-045,PASS,MAC: A4C1389556E3,PASS,-1.80,-1.86,0.12,-1.85,PASS,0.72,0.68,0.14,0.68,PASS,0.49,0.45,0.14,0.47,PASS,PASS,16.9,18.4,15.7,-2.72,-3,0,PASS,17.2,18.5,15.9,-2.4,3,0,PASS,17.6,18.8,16.1,-2.89,-2,-1,PASS,PASS,5.400,PASS,0.000,PASS,0.000,PASS,
08:58:42,0:00:09,P2,TK-045,PASS,MAC: A4C138955EE3,PASS,-0.44,-0.51,0.11,-0.50,PASS,2.24,2.19,0.14,2.20,PASS,1.59,1.54,0.14,1.55,PASS,PASS,15,15.8,13.6,2.37,3,2,PASS,15.3,16.3,14.3,-2.76,3,0,PASS,15.6,17,14.6,-2.36,2,2,PASS,PASS,1.400,PASS,0.000,PASS,0.200,PASS,
08:59:39,0:00:10,P2,TK-045,PASS,MAC: A4C138B55393,PASS,-0.71,-0.72,0.12,-0.72,PASS,1.44,1.43,0.15,1.43,PASS,0.97,0.96,0.13,0.96,PASS,PASS,13.4,14.8,12,-2.2,-2,0,PASS,13.7,14.6,12.4,2.85,2,1,PASS,14.1,15.1,12.9,2.91,3,0,PASS,PASS,1.400,PASS,0.000,PASS,0.000,PASS,
09:00:12,0:00:10,P2,TK-045,PASS,MAC: A4C138B55293,PASS,-2.01,-2.02,0.13,-2.02,PASS,0.24,0.23,0.15,0.23,PASS,-0.22,-0.22,0.14,-0.22,PASS,PASS,9.2,10.4,7.9,2.32,3,1,PASS,9.5,10.4,8.2,-2.94,2,0,PASS,9.7,11.3,8.1,-2.49,-2,0,PASS,PASS,5.600,PASS,0.200,PASS,0.400,PASS,
09:00:48,0:00:09,P2,TK-045,PASS,MAC: A4C138A55B93,PASS,-2.46,-2.46,0.13,-2.46,PASS,-0.06,-0.06,0.15,-0.06,PASS,-0.26,-0.26,0.15,-0.26,PASS,PASS,13.1,14.7,12.2,-2.29,3,1,PASS,13.4,14.5,12,2.36,3,1,PASS,13.7,14.9,13,2.28,3,0,PASS,PASS,8.200,PASS,0.400,PASS,0.000,PASS,
09:02:24,0:00:09,P2,TK-045,PASS,MAC: A4C138955B93,PASS,-1.81,-1.81,0.12,-1.81,PASS,0.99,0.99,0.14,0.99,PASS,0.97,0.97,0.13,0.97,PASS,PASS,33.4,34.4,32.4,-2.12,-2,0,PASS,34,34.8,33,2.48,3,0,PASS,34.6,35.9,33.4,-2.26,-2,0,PASS,PASS,5.000,PASS,0.000,PASS,0.000,PASS,
09:02:54,0:00:09,P2,TK-045,PASS,MAC: A4C138A55493,PASS,-3.17,-3.18,0.12,-3.18,PASS,-0.44,-0.44,0.15,-0.44,PASS,-0.36,-0.37,0.14,-0.37,PASS,PASS,27.6,29.5,26.2,-2.5,2,1,PASS,28.1,29.2,27.2,-2.51,3,1,PASS,28.7,30.3,27.8,2.93,3,0,PASS,PASS,23.400,PASS,1.600,PASS,0.800,PASS,
09:03:26,0:00:10,P2,TK-045,PASS,MAC: A4C138B55F93,PASS,-2.10,-2.11,0.12,-2.10,PASS,1.07,1.07,0.14,1.07,PASS,1.18,1.18,0.13,1.18,PASS,PASS,16.3,17.7,15.3,2.11,3,1,PASS,16.6,17.4,15.6,2.01,2,2,PASS,17,18.3,15.5,2.13,3,0,PASS,PASS,10.800,PASS,0.000,PASS,0.000,PASS,
09:04:14,0:00:09,P2,TK-045,PASS,MAC: A4C138A55D93,PASS,-2.47,-2.47,0.13,-2.47,PASS,0.13,0.08,0.14,0.09,PASS,-0.12,-0.17,0.14,-0.16,PASS,PASS,12.2,13.2,11.5,2.28,2,0,PASS,12.4,13.7,10.8,3.37,-3,0,PASS,12.7,13.9,11.7,2.36,3,0,PASS,PASS,8.600,PASS,0.000,PASS,0.200,PASS,
09:04:53,0:00:10,P2,TK-045,PASS,MAC: A4C138A55893,PASS,-2.60,-2.61,0.12,-2.61,PASS,0.42,0.41,0.14,0.42,PASS,0.42,0.42,0.14,0.42,PASS,PASS,14.8,15.7,12.8,-3,3,0,PASS,15.2,16.6,14.1,2.5,3,2,PASS,15.5,17.4,14.5,2.55,3,1,PASS,PASS,13.000,PASS,1.000,PASS,0.000,PASS,
09:05:20,0:00:09,P2,TK-045,PASS,MAC: A4C138B55693,PASS,-3.07,-3.08,0.14,-3.07,PASS,-0.13,-0.14,0.14,-0.14,PASS,-0.12,-0.12,0.14,-0.12,PASS,PASS,17.1,18.2,15.9,2,3,0,PASS,17.5,18.9,16.1,2.34,4,2,PASS,17.9,19.4,16.2,-3.37,3,0,PASS,PASS,13.400,PASS,0.000,PASS,0.000,PASS,
09:06:18,0:00:09,P2,TK-045,PASS,MAC: A4C138455683,PASS,-3.22,-3.22,0.13,-3.22,PASS,-0.20,-0.21,0.14,-0.20,PASS,-0.19,-0.20,0.13,-0.20,PASS,PASS,28.5,29.3,27.4,-2.37,2,1,PASS,29,30.4,28,-2.01,3,0,PASS,29.6,30.9,28.7,3.19,3,2,PASS,PASS,22.800,PASS,0.400,PASS,0.000,PASS,
09:06:47,0:00:09,P2,TK-045,PASS,MAC: A4C138455483,PASS,-2.47,-2.48,0.12,-2.47,PASS,0.41,0.40,0.15,0.40,PASS,0.32,0.32,0.14,0.32,PASS,PASS,29.6,32.1,28.3,2.73,-3,0,PASS,30.2,31.7,29.4,2.77,2,0,PASS,30.8,31.8,29.9,-2.26,2,1,PASS,PASS,12.400,PASS,0.000,PASS,0.000,PASS,
09:07:27,0:00:10,P2,TK-045,PASS,MAC: A4C138B55193,PASS,-2.59,-2.60,0.13,-2.59,PASS,0.18,0.18,0.14,0.18,PASS,0.05,0.04,0.14,0.04,PASS,PASS,13.8,14.7,12.8,2.56,-2,0,PASS,14.1,15.3,13.1,-2.69,2,1,PASS,14.4,15.9,13.2,-2.46,3,1,PASS,PASS,14.000,PASS,0.000,PASS,0.600,PASS,
09:08:00,0:00:09,P2,TK-045,PASS,MAC: A4C138B55493,PASS,-1.00,-1.07,0.12,-1.02,PASS,1.48,1.43,0.14,1.46,PASS,1.00,0.95,0.14,0.97,PASS,PASS,32.1,33.3,30.5,2.68,2,0,PASS,32.7,34,31.3,-2.48,2,0,PASS,33.3,34.5,32.3,2.46,2,1,PASS,PASS,2.200,PASS,0.000,PASS,0.000,PASS,
09:09:15,0:00:09,P2,TK-045,PASS,MAC: A4C138B55D93,PASS,-2.17,-2.17,0.13,-2.17,PASS,-0.15,-0.16,0.15,-0.15,PASS,-0.76,-0.76,0.13,-0.76,PASS,PASS,26.2,27.5,24.9,-2.52,-3,0,PASS,26.7,27.7,25.6,-2.36,-2,-2,PASS,27.2,28.6,25.6,2.24,3,2,PASS,PASS,8.400,PASS,0.200,PASS,0.200,PASS,
09:09:44,0:00:09,P2,TK-045,PASS,MAC: A4C138455583,PASS,-2.81,-2.84,0.12,-2.82,PASS,0.18,0.17,0.14,0.17,PASS,0.27,0.27,0.13,0.27,PASS,PASS,34.2,35.1,33.5,-2.17,3,0,PASS,34.9,36.3,34,-2.45,3,2,PASS,35.5,36.8,33.7,2.45,3,1,PASS,PASS,15.000,PASS,0.400,PASS,0.200,PASS,
09:10:13,0:00:09,P2,TK-045,PASS,MAC: A4C138455783,PASS,-1.45,-1.46,0.11,-1.46,PASS,1.53,1.53,0.15,1.53,PASS,1.26,1.26,0.14,1.26,PASS,PASS,35.5,37.1,34.1,-2.02,3,0,PASS,36.2,37.4,34.7,2.27,2,2,PASS,36.9,38.4,36,2.48,3,1,PASS,PASS,2.400,PASS,0.000,PASS,0.000,PASS,
09:10:45,0:00:09,P2,TK-045,PASS,MAC: A4C138B55893,PASS,-1.05,-1.06,0.12,-1.05,PASS,1.77,1.77,0.14,1.77,PASS,1.22,1.22,0.14,1.22,PASS,PASS,31.2,32.5,30.1,-2.32,-2,1,PASS,31.8,33.1,30.5,2.46,3,0,PASS,32.4,33.4,30.9,-2.88,3,2,PASS,PASS,2.000,PASS,0.000,PASS,0.000,PASS,
09:11:27,0:00:09,P2,TK-045,PASS,MAC: A4C138B55593,PASS,-1.00,-1.01,0.13,-1.00,PASS,1.23,1.22,0.14,1.23,PASS,0.86,0.85,0.14,0.85,PASS,PASS,11.9,13,10.6,2.44,-2,-1,PASS,12.2,13,11.1,2.43,2,0,PASS,12.4,13.3,11.4,-2.26,2,0,PASS,PASS,1.400,PASS,0.000,PASS,0.000,PASS,
09:12:00,0:00:09,P2,TK-045,PASS,MAC: A4C138455F83,PASS,-0.96,-0.96,0.13,-0.96,PASS,1.20,1.19,0.14,1.20,PASS,0.49,0.48,0.14,0.48,PASS,PASS,15.2,16.2,13.8,2.55,3,0,PASS,15.5,16.3,14.7,2.19,3,1,PASS,15.9,16.9,14.6,-2.26,2,2,PASS,PASS,1.600,PASS,0.000,PASS,0.000,PASS,
09:12:36,0:00:09,P2,TK-045,PASS,MAC: A4C138555683,PASS,-0.91,-0.91,0.11,-0.91,PASS,1.83,1.82,0.14,1.82,PASS,1.64,1.63,0.13,1.63,PASS,PASS,32.1,33.1,31,2.74,3,0,PASS,32.7,34,31.2,2.24,3,0,PASS,33.3,34.5,32,3.09,2,1,PASS,PASS,2.000,PASS,0.000,PASS,0.000,PASS,
09:13:28,0:00:09,P2,TK-045,PASS,MAC: A4C138555183,PASS,-2.12,-2.13,0.12,-2.12,PASS,0.88,0.87,0.14,0.88,PASS,0.75,0.74,0.14,0.75,PASS,PASS,31.2,32.9,30,2.17,3,0,PASS,31.7,32.6,30.6,-2.99,3,1,PASS,32.3,33.1,31.2,2.3,4,0,PASS,PASS,9.600,PASS,0.000,PASS,0.000,PASS,
09:15:52,0:00:09,P2,TK-045,PASS,MAC: A4C138455A83,PASS,-1.71,-1.78,0.12,-1.73,PASS,1.23,1.17,0.14,1.20,PASS,0.73,0.68,0.14,0.71,PASS,PASS,17,18.4,15.5,2.59,-3,1,PASS,17.3,18,15.8,-2.18,3,0,PASS,17.7,19.1,16.8,-2.42,-2,0,PASS,PASS,4.600,PASS,0.200,PASS,0.000,PASS,
09:16:37,0:00:09,P2,TK-045,PASS,MAC: A4C138555283,PASS,-0.18,-0.20,0.12,-0.19,PASS,2.47,2.47,0.13,2.47,PASS,1.85,1.85,0.13,1.85,PASS,PASS,27.8,28.9,26.1,2.14,2,1,PASS,28.4,29.6,27.3,-2.09,3,1,PASS,28.9,30.5,27.9,2.18,3,1,PASS,PASS,0.600,PASS,0.000,PASS,0.000,PASS,
09:17:04,0:00:09,P2,TK-045,PASS,MAC: A4C138555E83,PASS,-0.27,-0.28,0.12,-0.28,PASS,2.72,2.71,0.14,2.71,PASS,2.18,2.18,0.13,2.18,PASS,PASS,33.1,34.3,31.9,-2.19,3,0,PASS,33.7,34.8,32.4,2.63,3,0,PASS,34.3,35.1,33.3,-3.82,2,1,PASS,PASS,1.800,PASS,0.000,PASS,0.000,PASS,
09:17:29,0:00:09,P2,TK-045,PASS,MAC: A4C138555083,PASS,-1.26,-1.32,0.11,-1.28,PASS,1.69,1.63,0.14,1.67,PASS,1.27,1.22,0.14,1.26,PASS,PASS,31.7,33.2,30.6,-1.9,-2,0,PASS,32.3,33.5,31.3,3,3,0,PASS,32.9,33.7,31.5,-2.29,-3,0,PASS,PASS,3.800,PASS,0.400,PASS,0.400,PASS,
09:17:59,0:00:09,P2,TK-045,PASS,MAC: A4C138455E83,PASS,-1.29,-1.34,0.12,-1.34,PASS,1.25,1.24,0.15,1.25,PASS,0.60,0.60,0.13,0.60,PASS,PASS,17.7,18.7,16.9,2.37,2,0,PASS,18,19,16.9,2.34,-3,0,PASS,18.4,19.3,16.7,2.29,3,1,PASS,PASS,8.400,PASS,0.400,PASS,0.000,PASS,
09:18:25,0:00:09,P2,TK-045,PASS,MAC: A4C138455B83,PASS,-1.23,-1.23,0.12,-1.23,PASS,0.94,0.93,0.15,0.93,PASS,0.33,0.32,0.14,0.32,PASS,PASS,16.4,18.2,15.2,-2.52,2,0,PASS,16.8,18.3,16,-2.26,-2,-1,PASS,17.1,18.3,15.9,2.42,2,1,PASS,PASS,1.800,PASS,0.000,PASS,0.000,PASS,
09:18:58,0:00:09,P2,TK-045,PASS,MAC: A4C138455983,PASS,-1.03,-1.04,0.14,-1.04,PASS,0.90,0.89,0.14,0.89,PASS,1.13,1.13,0.13,1.13,PASS,PASS,28.5,29.7,27.5,-2.26,3,1,PASS,29,30.5,27.9,-3.14,4,1,PASS,29.6,30.6,28.3,2.36,3,1,PASS,PASS,4.400,PASS,0.000,PASS,0.200,PASS,
09:19:54,0:00:09,P2,TK-045,PASS,MAC: A4C138555583,PASS,-2.07,-2.08,0.13,-2.07,PASS,0.47,0.46,0.14,0.46,PASS,0.78,0.77,0.13,0.78,PASS,PASS,30.4,31.5,29.3,2.4,-3,0,PASS,30.9,32.2,29.8,-2.16,2,0,PASS,31.5,32.7,30.4,2.45,2,1,PASS,PASS,5.400,PASS,0.000,PASS,0.200,PASS,
09:20:26,0:00:09,P2,TK-045,PASS,MAC: A4C138C55493,PASS,-2.16,-2.16,0.13,-2.16,PASS,-0.05,-0.06,0.15,-0.06,PASS,-0.09,-0.10,0.14,-0.10,PASS,PASS,18,19.3,16.9,2.48,2,0,PASS,18.3,19.3,17,-2.32,3,1,PASS,18.7,20.2,17.2,-3.14,-3,1,PASS,PASS,6.400,PASS,0.600,PASS,1.400,PASS,
09:21:11,0:00:09,P2,TK-045,PASS,MAC: A4C138255C93,PASS,-2.77,-2.78,0.13,-2.78,PASS,-0.59,-0.59,0.16,-0.59,PASS,-0.53,-0.53,0.14,-0.53,PASS,PASS,12,13.7,11.1,-2.63,3,1,PASS,12.3,13.7,11.2,2.53,3,1,PASS,12.6,13.8,11.2,-2.44,3,1,PASS,PASS,12.800,PASS,0.800,PASS,0.800,PASS,
09:21:41,0:00:09,P2,TK-045,PASS,MAC: A4C138355A93,PASS,-3.12,-3.12,0.14,-3.12,PASS,-0.72,-0.72,0.14,-0.72,PASS,-0.59,-0.59,0.13,-0.59,PASS,PASS,14.6,15.3,14,2.08,2,0,PASS,14.9,15.9,13.7,2.23,2,0,PASS,15.3,16.2,13.9,2.4,3,1,PASS,PASS,10.000,PASS,0.600,PASS,0.200,PASS,
09:22:09,0:00:09,P2,TK-045,PASS,MAC: A4C138255393,PASS,-2.64,-2.65,0.13,-2.64,PASS,-0.51,-0.51,0.15,-0.51,PASS,-0.44,-0.44,0.14,-0.44,PASS,PASS,20.8,22.1,19.8,2.25,2,1,PASS,21.2,22.3,19.9,-2.12,2,0,PASS,21.7,23,20.6,2.38,-3,2,PASS,PASS,14.800,PASS,1.000,PASS,0.400,PASS,
09:22:36,0:00:09,P2,TK-045,PASS,MAC: A4C138255F93,PASS,-2.62,-2.62,0.12,-2.62,PASS,0.38,0.37,0.14,0.38,PASS,0.85,0.85,0.13,0.85,PASS,PASS,21.9,23.3,20.8,-2.04,3,2,PASS,22.3,24.1,20.9,2.89,3,1,PASS,22.8,23.7,21.9,-3.1,3,1,PASS,PASS,12.200,PASS,0.600,PASS,0.000,PASS,
09:23:03,0:00:09,P2,TK-045,PASS,MAC: A4C138255193,PASS,-3.05,-3.06,0.14,-3.05,PASS,-1.16,-1.16,0.16,-1.16,PASS,-0.84,-0.84,0.14,-0.84,PASS,PASS,18.6,20.7,17.5,2.41,2,0,PASS,19,20.6,18,2.2,3,0,PASS,19.4,20.5,18.2,2.7,2,1,PASS,PASS,13.000,PASS,1.000,PASS,0.200,PASS,
09:23:30,0:00:09,P2,TK-045,PASS,MAC: A4C138255B93,PASS,-3.73,-3.79,0.13,-3.74,PASS,-0.21,-0.26,0.15,-0.21,PASS,0.44,0.39,0.14,0.42,PASS,PASS,12.9,14.1,11.9,2.34,2,0,PASS,13.2,13.9,11.8,2.59,2,0,PASS,13.5,14.3,12.6,2.43,3,0,PASS,PASS,28.200,PASS,1.000,PASS,0.200,PASS,
09:24:25,0:00:09,P2,TK-045,PASS,MAC: A4C138455083,PASS,-2.66,-2.67,0.13,-2.66,PASS,0.79,0.79,0.15,0.79,PASS,0.95,0.95,0.13,0.95,PASS,PASS,14.5,15,13.4,2.16,2,2,PASS,14.8,15.9,13.9,2.5,2,0,PASS,15.1,16.6,14.2,2.58,-2,0,PASS,PASS,14.600,PASS,0.000,PASS,0.200,PASS,
09:24:52,0:00:09,P2,TK-045,PASS,MAC: A4C138255E93,PASS,-2.26,-2.27,0.13,-2.26,PASS,0.16,0.15,0.15,0.15,PASS,0.07,0.07,0.15,0.07,PASS,PASS,9.4,10.2,7.9,-2.13,3,0,PASS,9.6,10.6,8.4,-2.37,2,2,PASS,9.8,11.4,8.2,-2.61,3,0,PASS,PASS,7.400,PASS,0.400,PASS,0.200,PASS,
09:25:19,0:00:17,P2,TK-045,PASS,MAC: A4C138355093,PASS,-2.54,-2.55,0.12,-2.54,PASS,-0.29,-0.29,0.15,-0.29,PASS,-0.54,-0.55,0.14,-0.55,PASS,PASS,15.5,16.7,14.4,2.35,2,1,PASS,15.8,17.1,14.9,-2.05,3,0,PASS,16.2,17.3,15.2,3.09,4,1,PASS,PASS,9.000,PASS,0.800,PASS,0.400,PASS,
09:26:36,0:00:09,P2,TK-045,PASS,MAC: A4C138355793,PASS,-1.82,-1.82,0.12,-1.82,PASS,0.93,0.93,0.15,0.93,PASS,0.54,0.53,0.14,0.53,PASS,PASS,16.1,17.2,14.7,-2.59,2,2,PASS,16.4,17.5,15.1,-2.13,3,1,PASS,16.8,17.5,15.8,-2.33,2,1,PASS,PASS,5.000,PASS,0.200,PASS,0.200,PASS,
09:27:04,0:00:09,P2,TK-045,PASS,MAC: A4C138355393,PASS,-1.90,-1.90,0.11,-1.90,PASS,0.62,0.62,0.15,0.62,PASS,0.23,0.23,0.13,0.23,PASS,PASS,6,7.5,4.6,2.44,-3,0,PASS,6.2,8.1,5,2.41,-2,0,PASS,6.4,7.3,4.9,-3.09,3,0,PASS,PASS,5.600,PASS,0.400,PASS,0.000,PASS,
09:27:35,0:00:09,P2,TK-045,PASS,MAC: A4C138355E93,PASS,-1.16,-1.17,0.12,-1.17,PASS,0.87,0.87,0.15,0.87,PASS,0.46,0.45,0.13,0.46,PASS,PASS,22.3,23.7,21.3,-1.96,3,0,PASS,22.8,23.7,21.6,2.18,2,0,PASS,23.2,24.2,21.9,-2.49,5,2,PASS,PASS,2.600,PASS,0.000,PASS,0.000,PASS,
09:28:12,0:00:09,P2,TK-045,PASS,MAC: A4C138C55793,PASS,-1.80,-1.81,0.13,-1.80,PASS,1.03,1.02,0.15,1.02,PASS,1.04,1.03,0.13,1.04,PASS,PASS,15,16.4,13.9,2.56,3,0,PASS,15.4,16.6,14.2,2.25,3,1,PASS,15.7,16.9,14.5,-3.43,3,2,PASS,PASS,6.800,PASS,0.000,PASS,0.000,PASS,
09:28:40,0:00:09,P2,TK-045,PASS,MAC: A4C138355C93,PASS,-1.75,-1.75,0.12,-1.75,PASS,0.43,0.43,0.14,0.43,PASS,0.39,0.39,0.13,0.39,PASS,PASS,15.6,17,14.1,2.46,3,1,PASS,15.9,17.9,14.3,2.39,3,2,PASS,16.2,17.4,15.1,2.49,3,1,PASS,PASS,3.000,PASS,0.200,PASS,0.000,PASS,
09:29:08,0:00:09,P2,TK-045,PASS,MAC: A4C138355F93,PASS,-1.97,-2.02,0.12,-1.98,PASS,0.38,0.33,0.15,0.35,PASS,0.46,0.42,0.14,0.45,PASS,PASS,16.9,18.4,15.8,2.2,-2,0,PASS,17.3,19.1,16.5,2.41,-2,0,PASS,17.6,18.6,16.7,3.23,3,0,PASS,PASS,3.200,PASS,0.000,PASS,0.200,PASS,
09:29:35,0:00:09,P2,TK-045,PASS,MAC: A4C138355493,PASS,-2.46,-2.47,0.13,-2.46,PASS,0.64,0.63,0.14,0.64,PASS,1.03,1.02,0.14,1.02,PASS,PASS,16.8,18,15.1,2.52,2,1,PASS,17.2,18.4,16.1,-2.3,3,1,PASS,17.5,18.6,16.3,-2.23,3,1,PASS,PASS,8.400,PASS,0.200,PASS,0.000,PASS,
09:31:24,0:00:09,P2,TK-045,PASS,MAC: A4C138455793,PASS,-2.04,-2.05,0.12,-2.04,PASS,0.42,0.41,0.15,0.41,PASS,0.23,0.22,0.13,0.22,PASS,PASS,29.9,31.3,28.2,2.36,3,1,PASS,30.4,31.6,29.4,-2.15,3,0,PASS,31,31.9,30.2,2.12,2,2,PASS,PASS,4.600,PASS,0.000,PASS,0.200,PASS,
09:34:51,0:00:09,P2,TK-045,PASS,MAC: A4C138855052,PASS,-2.00,-2.05,0.13,-2.02,PASS,0.37,0.32,0.15,0.34,PASS,0.23,0.18,0.13,0.21,PASS,PASS,11.1,12.4,9.5,-2.23,2,0,PASS,11.4,12.2,9.9,-2.53,2,0,PASS,11.7,12.9,10.7,2.07,-2,0,PASS,PASS,2.600,PASS,0.000,PASS,0.400,PASS,
09:35:51,0:00:09,P2,TK-045,PASS,MAC: A4C138855952,PASS,-1.78,-1.79,0.12,-1.78,PASS,0.78,0.77,0.15,0.77,PASS,0.70,0.69,0.14,0.70,PASS,PASS,16.6,18,15.5,2.67,3,1,PASS,16.9,17.9,15.5,3.31,-2,-1,PASS,17.3,19.1,15.9,2.72,-3,0,PASS,PASS,3.600,PASS,0.000,PASS,0.200,PASS,
09:36:20,0:00:10,P2,TK-045,PASS,MAC: A4C138355252,PASS,-2.19,-2.19,0.12,-2.19,PASS,1.01,1.00,0.14,1.01,PASS,1.33,1.32,0.14,1.32,PASS,PASS,17.4,18.2,16.1,3.39,3,0,PASS,17.7,19.2,16.2,-2.73,3,0,PASS,18.1,19.4,17.2,1.92,3,2,PASS,PASS,7.600,PASS,0.000,PASS,0.200,PASS,
09:36:48,0:00:09,P2,TK-045,PASS,MAC: A4C138455D42,PASS,-1.10,-1.11,0.12,-1.10,PASS,1.65,1.64,0.14,1.65,PASS,1.72,1.72,0.13,1.72,PASS,PASS,9,10,7.9,2.2,-2,0,PASS,9.2,10.8,8.3,-2.32,2,0,PASS,9.5,10.6,8.1,-2.81,2,0,PASS,PASS,3.600,PASS,0.000,PASS,0.200,PASS,
09:37:15,0:00:09,P2,TK-045,PASS,MAC: A4C138255852,PASS,-3.36,-3.36,0.14,-3.36,PASS,0.17,0.17,0.14,0.17,PASS,0.94,0.94,0.13,0.94,PASS,PASS,11.3,12.4,10.1,-2.04,3,0,PASS,11.6,13,10.7,2.16,3,0,PASS,11.8,12.6,10.6,-2.73,3,0,PASS,PASS,22.000,PASS,0.400,PASS,0.000,PASS,
09:37:42,0:00:10,P2,TK-045,PASS,MAC: A4C138555542,PASS,-1.22,-1.28,0.12,-1.24,PASS,1.74,1.69,0.13,1.73,PASS,2.13,2.08,0.13,2.10,PASS,PASS,22,23.1,20.9,-2.34,-3,0,PASS,22.4,23.8,20.5,-2.38,-2,0,PASS,22.9,23.8,21.5,2.63,2,0,PASS,PASS,2.200,PASS,0.200,PASS,0.000,PASS,
09:38:13,0:00:09,P2,TK-045,PASS,MAC: A4C138555742,PASS,-3.07,-3.07,0.12,-3.07,PASS,0.05,0.04,0.14,0.04,PASS,0.48,0.48,0.13,0.48,PASS,PASS,21,22,20.2,-1.77,-2,0,PASS,21.5,22.6,19.7,-2.47,2,2,PASS,21.9,22.9,20.9,-2.43,3,0,PASS,PASS,22.600,PASS,0.400,PASS,0.000,PASS,
09:38:43,0:00:09,P2,TK-045,PASS,MAC: A4C138555442,PASS,-2.98,-2.98,0.13,-2.98,PASS,0.32,0.32,0.14,0.32,PASS,0.79,0.79,0.14,0.79,PASS,PASS,13.5,14.8,12.1,2.66,2,2,PASS,13.8,15.2,12.9,2.48,-3,0,PASS,14.2,15.5,12.7,-2.61,3,1,PASS,PASS,14.400,PASS,0.200,PASS,0.000,PASS,
09:39:12,0:00:10,P2,TK-045,PASS,MAC: A4C138355352,PASS,-2.53,-2.54,0.13,-2.54,PASS,0.51,0.51,0.14,0.51,PASS,0.83,0.83,0.12,0.83,PASS,PASS,17.9,19.5,16.7,-2.37,3,0,PASS,18.3,19.6,16.7,2.72,-2,-1,PASS,18.7,19.8,17.9,2.32,-2,0,PASS,PASS,8.400,PASS,0.400,PASS,0.000,PASS,
09:39:44,0:00:09,P2,TK-045,PASS,MAC: A4C138455942,PASS,-2.32,-2.33,0.12,-2.32,PASS,0.67,0.67,0.15,0.67,PASS,0.98,0.97,0.13,0.97,PASS,PASS,9.1,10.5,8.1,-2.05,-3,0,PASS,9.4,10,8,2.16,2,0,PASS,9.6,10.4,8.3,2.54,3,1,PASS,PASS,10.000,PASS,0.000,PASS,0.000,PASS,
09:40:15,0:00:09,P2,TK-045,PASS,MAC: A4C138455A42,PASS,-2.33,-2.39,0.11,-2.34,PASS,1.12,1.12,0.15,1.12,PASS,1.63,1.63,0.13,1.63,PASS,PASS,12.4,13.4,11.6,1.86,2,0,PASS,12.7,13.5,11.3,-2.29,-2,0,PASS,13,14.1,11.8,-2.67,2,0,PASS,PASS,6.800,PASS,0.200,PASS,0.000,PASS,
09:40:52,0:00:09,P2,TK-045,PASS,MAC: A4C138055852,PASS,-2.96,-2.97,0.12,-2.96,PASS,0.06,0.05,0.15,0.05,PASS,0.49,0.49,0.13,0.49,PASS,PASS,7.9,9,7,-1.74,2,0,PASS,8.1,9,7,-2.28,-3,0,PASS,8.4,9.6,6.5,2.23,-3,0,PASS,PASS,14.600,PASS,0.400,PASS,0.000,PASS,
09:41:20,0:00:09,P2,TK-045,PASS,MAC: A4C138355452,PASS,-2.74,-2.76,0.14,-2.75,PASS,0.64,0.63,0.13,0.64,PASS,0.98,0.98,0.14,0.98,PASS,PASS,13.6,15.2,12.4,2.62,3,1,PASS,13.9,15.3,12.8,2.73,2,0,PASS,14.2,15.1,13,-2.43,-2,0,PASS,PASS,12.400,PASS,0.200,PASS,0.000,PASS,
09:41:47,0:00:09,P2,TK-045,PASS,MAC: A4C138055952,PASS,-2.67,-2.72,0.12,-2.70,PASS,0.75,0.74,0.14,0.75,PASS,1.18,1.14,0.13,1.14,PASS,PASS,9.9,11,9.1,-2.13,2,0,PASS,10.1,11.4,9.1,2.49,-3,0,PASS,10.4,11.9,9.3,-2.56,2,0,PASS,PASS,8.800,PASS,0.200,PASS,0.000,PASS,
09:42:51,0:00:09,P2,TK-045,PASS,MAC: A4C138355752,PASS,-3.65,-3.66,0.15,-3.66,PASS,-0.22,-0.22,0.14,-0.22,PASS,0.24,0.23,0.13,0.23,PASS,PASS,17.2,18.2,16.4,2.16,-2,0,PASS,17.5,18.4,16.7,-2.28,-2,0,PASS,18,19,16.6,-2.06,2,0,PASS,PASS,22.800,PASS,0.400,PASS,0.200,PASS,
09:43:19,0:00:09,P2,TK-045,PASS,MAC: A4C138155652,PASS,-4.00,-4.07,0.12,-4.03,PASS,-0.51,-0.57,0.15,-0.52,PASS,-0.10,-0.15,0.14,-0.11,PASS,PASS,11,12.5,9.4,1.91,3,1,PASS,11.3,12.3,10.4,2.59,2,0,PASS,11.6,13.3,9.9,-2.64,-3,-1,PASS,PASS,22.600,PASS,0.400,PASS,0.200,PASS,
09:43:46,0:00:09,P2,TK-045,PASS,MAC: A4C138255952,PASS,-3.28,-3.29,0.12,-3.28,PASS,-0.15,-0.16,0.14,-0.16,PASS,0.19,0.19,0.14,0.19,PASS,PASS,5.9,6.7,5.2,2.25,-3,-1,PASS,6,6.7,4.6,-2.74,-3,0,PASS,6.2,7.5,4.9,2.36,2,0,PASS,PASS,19.000,PASS,0.800,PASS,0.400,PASS,
09:44:13,0:00:09,P2,TK-045,PASS,MAC: A4C138455242,PASS,-3.40,-3.41,0.13,-3.40,PASS,-0.18,-0.19,0.14,-0.18,PASS,0.21,0.20,0.14,0.21,PASS,PASS,13.3,14.4,11.8,-2.21,-2,0,PASS,13.6,14.8,12.7,-3.28,2,0,PASS,13.9,15.1,12.9,-2.44,-3,0,PASS,PASS,18.200,PASS,0.200,PASS,0.200,PASS,
10:03:23,0:00:09,P2,TK-045,PASS,MAC: A4C138455242,PASS,-2.95,-2.96,0.13,-2.95,PASS,-0.12,-0.12,0.14,-0.12,PASS,0.11,0.10,0.14,0.10,PASS,PASS,13.3,14.3,12.2,-2.01,-2,0,PASS,13.6,14.6,12.7,2.65,2,0,PASS,13.9,15,12.7,2.85,3,0,PASS,PASS,13.000,PASS,0.000,PASS,0.000,PASS,
10:05:02,0:00:09,P2,TK-045,PASS,MAC: A4C138355552,PASS,-2.20,-2.21,0.12,-2.21,PASS,0.87,0.82,0.14,0.84,PASS,1.10,1.08,0.14,1.09,PASS,PASS,21.9,22.7,19.7,-1.87,-2,0,PASS,22.4,23.2,21,2.14,2,1,PASS,22.8,23.8,21.4,2.6,3,0,PASS,PASS,6.600,PASS,0.000,PASS,0.000,PASS,
10:05:29,0:00:09,P2,TK-045,PASS,MAC: A4C138455542,PASS,-2.53,-2.57,0.12,-2.55,PASS,0.39,0.37,0.15,0.38,PASS,0.67,0.67,0.13,0.67,PASS,PASS,15,16.2,13.7,-2.58,-2,-1,PASS,15.3,16.7,13.7,-2.45,3,1,PASS,15.7,16.6,14.4,-2.41,3,0,PASS,PASS,9.000,PASS,0.000,PASS,0.000,PASS,
10:06:05,0:00:09,P2,TK-045,PASS,MAC: A4C138455442,PASS,-2.47,-2.48,0.12,-2.47,PASS,0.57,0.57,0.14,0.57,PASS,0.90,0.89,0.15,0.90,PASS,PASS,16.7,17.9,15.4,2.29,-3,0,PASS,17,17.8,15.1,-2.23,-3,-1,PASS,17.4,18.8,16.3,2.93,-3,-1,PASS,PASS,9.800,PASS,0.000,PASS,0.000,PASS,
10:06:32,0:00:09,P2,TK-045,PASS,MAC: A4C138455E42,PASS,-2.56,-2.56,0.11,-2.56,PASS,0.96,0.96,0.13,0.96,PASS,1.30,1.30,0.13,1.30,PASS,PASS,14.9,15.8,13.7,2.29,-2,0,PASS,15.2,17.3,14.2,2.55,-2,0,PASS,15.6,16.7,14.6,-2.34,3,0,PASS,PASS,27.800,PASS,1.000,PASS,0.000,PASS,
10:07:00,0:00:09,P2,TK-045,PASS,MAC: A4C138455142,PASS,-3.39,-3.47,0.12,-3.41,PASS,-0.15,-0.16,0.14,-0.15,PASS,0.33,0.29,0.13,0.29,PASS,PASS,11.2,12.4,10.1,2.22,3,0,PASS,11.4,12.6,10.3,2.64,2,0,PASS,11.7,13,10,2.79,3,0,PASS,PASS,18.200,PASS,0.200,PASS,0.000,PASS,
10:07:27,0:00:09,P2,TK-045,PASS,MAC: A4C138155052,PASS,-3.20,-3.24,0.13,-3.21,PASS,-0.01,-0.02,0.15,-0.01,PASS,0.50,0.49,0.14,0.49,PASS,PASS,11.2,12.6,9.3,2.94,2,0,PASS,11.4,13.3,10.2,2.22,3,1,PASS,11.7,12.8,10.5,-2.38,2,-1,PASS,PASS,14.000,PASS,0.600,PASS,0.200,PASS,
10:07:54,0:00:09,P2,TK-045,PASS,MAC: A4C138155352,PASS,-2.62,-2.64,0.11,-2.63,PASS,0.84,0.84,0.14,0.84,PASS,1.24,1.24,0.13,1.24,PASS,PASS,15.3,16.5,14.4,2.34,-3,0,PASS,15.6,17,14.2,2.16,-3,0,PASS,16,17.4,14.8,2.11,2,1,PASS,PASS,9.200,PASS,0.400,PASS,0.000,PASS,
10:08:22,0:00:09,P2,TK-045,PASS,MAC: A4C138D55552,PASS,-3.78,-3.79,0.13,-3.79,PASS,-0.13,-0.14,0.14,-0.14,PASS,0.28,0.27,0.13,0.27,PASS,PASS,14.9,16,13.7,-2.54,3,1,PASS,15.3,16.1,13.9,2.24,-3,-2,PASS,15.6,16.7,14,2.23,3,0,PASS,PASS,24.000,PASS,0.600,PASS,0.000,PASS,
10:08:57,0:00:09,P2,TK-045,PASS,MAC: A4C138D55452,PASS,-1.78,-1.85,0.12,-1.83,PASS,2.19,2.14,0.14,2.15,PASS,2.56,2.55,0.13,2.55,PASS,PASS,5.3,6.1,4,-2.22,3,1,PASS,5.4,6.8,4.7,-2.33,2,0,PASS,5.6,7.1,4.3,-2.96,-3,0,PASS,PASS,7.400,PASS,0.000,PASS,0.000,PASS,
11:37:18,0:00:12,P2,TK-045,PASS,MAC: A4C138155E52,PASS,2.27,2.27,0.11,2.27,PASS,3.26,3.26,0.14,3.26,PASS,1.93,1.92,0.14,1.92,PASS,PASS,9.3,10.3,7.7,2.45,-2,0,PASS,9.5,10.8,8.7,2.23,-2,0,PASS,9.8,11.3,8.2,-2.4,2,0,PASS,PASS,0.000,PASS,0.000,PASS,0.000,PASS,
11:55:38,0:00:09,P2,TK-045,PASS,MAC: A4C138A55E52,PASS,2.31,2.30,0.10,2.30,PASS,4.06,4.05,0.14,4.05,PASS,2.58,2.58,0.13,2.58,PASS,PASS,18.8,19.9,17.7,-2.25,-2,0,PASS,19.1,20.5,17.9,-2.24,-2,0,PASS,19.6,21.3,18.3,-2.88,2,0,PASS,PASS,0.200,PASS,0.000,PASS,0.000,PASS,
12:02:04,0:00:12,P2,TK-045,PASS,MAC: A4C138A55E52,PASS,1.75,1.75,0.10,1.75,PASS,3.64,3.63,0.14,3.63,PASS,1.93,1.92,0.13,1.93,PASS,PASS,18.7,19.7,17.5,-2.72,3,0,PASS,19.1,20.2,17.9,-2.82,2,1,PASS,19.5,20.5,18.2,2,3,0,PASS,PASS,0.200,PASS,0.000,PASS,0.000,PASS,
12:30:48,0:00:09,P2,TK-045,PASS,MAC: A4C138A55F52,PASS,2.04,2.03,0.10,2.04,PASS,4.03,4.03,0.14,4.03,PASS,2.46,2.46,0.13,2.46,PASS,PASS,10.8,11.9,9.4,2.2,2,0,PASS,11,12.4,9.6,3.13,2,0,PASS,11.3,12.6,10.1,2.35,3,0,PASS,PASS,0.000,PASS,0.000,PASS,0.000,PASS,
12:31:16,0:00:09,P2,TK-045,PASS,MAC: A4C138A55352,PASS,2.74,2.68,0.11,2.72,PASS,4.76,4.71,0.14,4.74,PASS,3.04,2.99,0.13,3.01,PASS,PASS,13.4,14.2,12.1,-2.44,-3,0,PASS,13.7,15.1,12.6,-2.41,-4,0,PASS,14,15.1,12.7,-2.38,-2,0,PASS,PASS,0.000,PASS,0.000,PASS,0.000,PASS,
12:31:45,0:00:09,P2,TK-045,PASS,MAC: A4C138A55D52,PASS,2.31,2.30,0.11,2.31,PASS,4.17,4.17,0.14,4.17,PASS,2.49,2.49,0.14,2.49,PASS,PASS,12.6,14.2,11.3,2.76,2,0,PASS,12.8,14.6,11.5,-2.93,3,0,PASS,13.1,14.4,12.2,-2.38,2,0,PASS,PASS,0.000,PASS,0.000,PASS,0.000,PASS,
12:32:15,0:00:09,P2,TK-045,PASS,MAC: A4C138A55052,PASS,1.56,1.56,0.11,1.56,PASS,3.43,3.43,0.14,3.43,PASS,1.65,1.65,0.13,1.65,PASS,PASS,8.9,9.8,7.8,-2.6,-3,0,PASS,9.1,10.4,8.1,2.44,-3,0,PASS,9.4,11.2,8.3,2.32,-3,-2,PASS,PASS,0.400,PASS,0.000,PASS,0.000,PASS,
12:32:42,0:00:09,P2,TK-045,PASS,MAC: A4C138A55252,PASS,2.25,2.24,0.11,2.25,PASS,4.09,4.09,0.14,4.09,PASS,2.19,2.19,0.13,2.19,PASS,PASS,16.4,17.4,15.3,2.44,2,-1,PASS,16.8,18.1,15.8,-2.7,3,1,PASS,17.1,18.3,16.2,-2.3,4,2,PASS,PASS,0.000,PASS,0.000,PASS,0.000,PASS,
12:33:15,0:00:09,P2,TK-045,PASS,MAC: A4C138A55152,PASS,1.50,1.44,0.11,1.47,PASS,3.22,3.17,0.14,3.19,PASS,1.42,1.37,0.14,1.40,PASS,PASS,8.5,9.6,7,-2.04,-2,0,PASS,8.7,10.4,7.7,-2.63,2,0,PASS,8.9,9.8,8.3,2.6,2,1,PASS,PASS,0.400,PASS,0.000,PASS,0.000,PASS,
12:33:46,0:00:09,P2,TK-045,PASS,MAC: A4C138055452,PASS,1.67,1.67,0.11,1.67,PASS,3.59,3.59,0.14,3.59,PASS,1.82,1.82,0.13,1.82,PASS,PASS,9.9,11.4,8.8,2.42,2,2,PASS,10.2,11.6,8.6,2.62,-2,0,PASS,10.4,11.8,9,-2.33,3,1,PASS,PASS,0.000,PASS,0.000,PASS,0.000,PASS,
12:34:12,0:00:09,P2,TK-045,PASS,MAC: A4C138055552,PASS,0.96,0.96,0.11,0.96,PASS,2.92,2.92,0.14,2.92,PASS,1.09,1.09,0.14,1.09,PASS,PASS,18.8,19.7,17.6,2.5,3,0,PASS,19.2,20.5,18.5,-2.43,3,2,PASS,19.6,21.5,18.3,-3.09,3,0,PASS,PASS,0.200,PASS,0.000,PASS,0.000,PASS,
12:34:37,0:00:09,P2,TK-045,PASS,MAC: A4C138055352,PASS,1.55,1.50,0.11,1.53,PASS,3.36,3.31,0.14,3.32,PASS,1.40,1.35,0.14,1.37,PASS,PASS,10.8,11.8,9.6,2.01,-2,0,PASS,11.1,12.6,9.8,2.28,-3,0,PASS,11.3,12.4,10.1,2.91,-3,0,PASS,PASS,0.200,PASS,0.000,PASS,0.000,PASS,
12:36:09,0:00:09,P2,TK-045,PASS,MAC: A4C138255552,PASS,1.43,1.43,0.11,1.43,PASS,2.96,2.95,0.14,2.96,PASS,1.05,1.04,0.13,1.04,PASS,PASS,5.8,6.8,4.8,2.29,-3,0,PASS,6,7.2,5.1,2.42,3,0,PASS,6.2,7.7,5.1,-2.35,3,0,PASS,PASS,0.200,PASS,0.000,PASS,0.000,PASS,
12:36:32,0:00:09,P2,TK-045,PASS,MAC: A4C138055652,PASS,2.21,2.20,0.11,2.21,PASS,4.39,4.38,0.14,4.39,PASS,2.56,2.55,0.14,2.56,PASS,PASS,16.6,17.7,15.6,-2.48,-2,0,PASS,17,17.8,15.7,2.79,2,0,PASS,17.4,19.1,16.3,2.36,2,0,PASS,PASS,0.000,PASS,0.000,PASS,0.000,PASS,
12:36:56,0:00:09,P2,TK-045,PASS,MAC: A4C138055152,PASS,1.73,1.72,0.11,1.73,PASS,3.58,3.58,0.14,3.58,PASS,1.73,1.72,0.14,1.73,PASS,PASS,14.8,16.6,14,-2.24,3,0,PASS,15.1,16.6,14.1,2.53,4,1,PASS,15.4,16.6,14.4,2.73,2,0,PASS,PASS,0.000,PASS,0.000,PASS,0.000,PASS,
12:37:21,0:00:09,P2,TK-045,PASS,MAC: A4C138255C52,PASS,1.62,1.62,0.11,1.62,PASS,3.35,3.34,0.15,3.34,PASS,1.42,1.41,0.14,1.41,PASS,PASS,15.3,16.2,14.2,2.26,2,0,PASS,15.6,16.5,14.3,-2.62,-2,0,PASS,15.9,17.3,14.6,2.41,-3,0,PASS,PASS,0.000,PASS,0.000,PASS,0.000,PASS,
12:37:55,0:00:09,P2,TK-045,PASS,MAC: A4C138055D52,PASS,2.11,1.76,0.14,2.04,PASS,3.70,3.38,0.17,3.63,PASS,1.67,1.34,0.19,1.60,PASS,PASS,17.9,19,17.1,-2.65,-3,-1,PASS,18.3,19.2,17,2.31,3,0,PASS,18.7,19.9,17.2,-2.44,-3,0,PASS,PASS,0.200,PASS,0.000,PASS,0.000,PASS,
12:38:23,0:00:09,P2,TK-045,PASS,MAC: A4C138055252,PASS,2.78,2.77,0.11,2.77,PASS,4.67,4.66,0.14,4.67,PASS,2.67,2.67,0.13,2.67,PASS,PASS,11.5,13,10.3,2.36,-2,0,PASS,11.8,13.3,10.5,2.31,-3,-1,PASS,12.1,13.4,11.3,-2.38,3,1,PASS,PASS,0.200,PASS,0.000,PASS,0.000,PASS,
12:38:52,0:00:09,P2,TK-045,PASS,MAC: A4C138055A52,PASS,2.24,2.23,0.10,2.23,PASS,4.54,4.53,0.13,4.54,PASS,2.98,2.98,0.13,2.98,PASS,PASS,11.4,12.3,10.5,2.09,-2,-1,PASS,11.7,12.5,10.6,-1.99,3,0,PASS,12,13.4,10.7,-2.55,-3,-2,PASS,PASS,0.000,PASS,0.000,PASS,0.000,PASS,
12:39:23,0:00:09,P2,TK-045,PASS,MAC: A4C138055052,PASS,2.00,2.00,0.11,2.00,PASS,4.13,4.13,0.14,4.13,PASS,2.49,2.48,0.13,2.49,PASS,PASS,10.4,11.7,9.3,-2.59,3,0,PASS,10.7,11.9,9.3,2.42,3,0,PASS,11,12.1,9.9,-2.27,2,0,PASS,PASS,0.000,PASS,0.000,PASS,0.000,PASS,
12:39:49,0:00:09,P2,TK-045,PASS,MAC: A4C138755B52,PASS,1.40,1.39,0.11,1.39,PASS,3.57,3.56,0.14,3.57,PASS,2.12,2.11,0.13,2.11,PASS,PASS,16.1,17.1,14.9,3.27,2,1,PASS,16.4,17.8,15.6,-2.35,3,0,PASS,16.8,18,15.5,-2,-2,0,PASS,PASS,0.200,PASS,0.000,PASS,0.000,PASS,
12:40:14,0:00:09,P2,TK-045,PASS,MAC: A4C138055F52,PASS,1.67,1.66,0.11,1.67,PASS,3.36,3.36,0.14,3.36,PASS,1.73,1.73,0.14,1.73,PASS,PASS,16.2,18,14.7,2.27,-2,-1,PASS,16.5,18,15.5,-3.11,2,-1,PASS,16.8,18.2,15.5,-2.41,-2,0,PASS,PASS,0.200,PASS,0.200,PASS,0.000,PASS,
12:40:39,0:00:09,P2,TK-045,PASS,MAC: A4C138755852,PASS,1.41,1.41,0.10,1.41,PASS,3.62,3.61,0.14,3.62,PASS,2.14,2.14,0.13,2.14,PASS,PASS,17.1,18.2,16.2,-2.7,3,0,PASS,17.4,18.8,16.1,-3.12,2,1,PASS,17.8,20.1,16.7,2.23,3,0,PASS,PASS,0.000,PASS,0.000,PASS,0.000,PASS,
12:43:06,0:00:13,P2,TK-045,PASS,MAC: A4C138055C52,PASS,2.27,2.27,0.11,2.27,PASS,3.47,3.47,0.14,3.47,PASS,1.55,1.55,0.14,1.55,PASS,PASS,20.2,21.5,19.1,-2.09,-3,-1,PASS,20.6,21.9,19.6,-2.17,2,0,PASS,21,22.1,20,-2.33,2,0,PASS,PASS,0.200,PASS,0.000,PASS,0.000,PASS,
12:43:36,0:00:09,P2,TK-045,PASS,MAC: A4C138055E52,PASS,2.13,2.13,0.11,2.13,PASS,3.31,3.31,0.15,3.31,PASS,1.44,1.44,0.14,1.44,PASS,PASS,16.3,17.8,14.8,2.59,-3,0,PASS,16.7,17.4,15.7,-1.95,-2,0,PASS,17.1,18,16,-2.66,-3,0,PASS,PASS,0.000,PASS,0.200,PASS,0.000,PASS,
12:44:05,0:00:09,P2,TK-045,PASS,MAC: A4C138255F52,PASS,1.75,1.74,0.11,1.75,PASS,3.24,3.23,0.14,3.24,PASS,1.53,1.52,0.13,1.52,PASS,PASS,3.4,4.5,1.9,2.2,-2,-1,PASS,3.6,4.6,2,2.29,3,1,PASS,3.7,5.2,2.8,2.25,2,1,PASS,PASS,0.000,PASS,0.000,PASS,0.000,PASS,
12:44:29,0:00:09,P2,TK-045,PASS,MAC: A4C138955B52,PASS,1.65,1.59,0.11,1.64,PASS,3.01,2.95,0.15,2.98,PASS,1.25,1.21,0.13,1.24,PASS,PASS,12.4,13.4,11.2,-3,3,1,PASS,12.6,13.6,11.5,2.27,-3,1,PASS,12.9,13.7,11.7,2.63,3,0,PASS,PASS,0.000,PASS,0.000,PASS,0.200,PASS,
12:44:54,0:00:09,P2,TK-045,PASS,MAC: A4C138955D52,PASS,2.76,2.75,0.11,2.76,PASS,4.17,4.17,0.14,4.17,PASS,2.41,2.41,0.13,2.41,PASS,PASS,16.8,18,15.9,-2.25,-2,0,PASS,17.1,18.4,16.2,-2.6,-2,0,PASS,17.5,18.8,15.7,-2.22,2,0,PASS,PASS,0.000,PASS,0.000,PASS,0.000,PASS,
12:45:21,0:00:09,P2,TK-045,PASS,MAC: A4C138355D52,PASS,2.77,2.76,0.11,2.76,PASS,4.29,4.28,0.15,4.29,PASS,2.57,2.57,0.13,2.57,PASS,PASS,10.6,12,9.7,2.05,2,1,PASS,10.9,12.1,9.9,2.41,-2,-1,PASS,11.2,13,9.9,2.44,2,0,PASS,PASS,0.000,PASS,0.000,PASS,0.000,PASS,
12:45:52,0:00:10,P2,TK-045,PASS,MAC: A4C138255E52,PASS,1.53,1.53,0.11,1.53,PASS,2.93,2.93,0.14,2.93,PASS,1.27,1.27,0.13,1.27,PASS,PASS,19.3,20.2,17.7,2.37,-3,0,PASS,19.7,20.9,18.6,-3.3,-3,0,PASS,20.1,21.8,18.4,2.44,2,-1,PASS,PASS,0.400,PASS,0.200,PASS,0.000,PASS,
12:46:22,0:00:09,P2,TK-045,PASS,MAC: A4C138A55752,PASS,3.38,3.38,0.10,3.38,PASS,4.93,4.92,0.14,4.93,PASS,3.18,3.18,0.13,3.18,PASS,PASS,17.4,18.6,16.6,-2.35,2,0,PASS,17.7,18.8,16.1,-2.55,3,0,PASS,18.1,19.3,17.3,2.21,-2,0,PASS,PASS,0.200,PASS,0.000,PASS,0.000,PASS,
12:46:58,0:00:09,P2,TK-045,PASS,MAC: A4C138255152,PASS,1.35,1.34,0.12,1.35,PASS,2.46,2.46,0.15,2.46,PASS,0.66,0.66,0.14,0.66,PASS,PASS,11.8,12.8,10.8,-2.17,-2,0,PASS,12.1,13.2,11.3,2.59,3,0,PASS,12.4,13.4,11.3,2.17,-2,0,PASS,PASS,0.000,PASS,0.000,PASS,0.000,PASS,
12:55:21,0:00:09,P2,TK-045,PASS,MAC: A4C138255052,PASS,2.31,2.31,0.12,2.31,PASS,3.24,3.23,0.15,3.23,PASS,1.19,1.19,0.14,1.19,PASS,PASS,12.8,14,11.4,-2.68,-2,-1,PASS,13.1,14.6,12.1,2.49,3,0,PASS,13.4,15.4,11.7,2.62,3,0,PASS,PASS,0.200,PASS,0.000,PASS,0.000,PASS,
12:55:47,0:00:09,P2,TK-045,PASS,MAC: A4C138955852,PASS,2.66,2.66,0.11,2.66,PASS,3.96,3.96,0.14,3.96,PASS,2.18,2.18,0.13,2.18,PASS,PASS,7,7.8,5.9,-2.5,2,0,PASS,7.1,8.2,5.8,-2.66,-2,0,PASS,7.3,8.8,5.8,-2.3,2,1,PASS,PASS,0.400,PASS,0.000,PASS,0.000,PASS,
12:56:13,0:00:09,P2,TK-045,PASS,MAC: A4C138955952,PASS,2.19,2.18,0.12,2.19,PASS,3.42,3.42,0.15,3.42,PASS,1.67,1.67,0.14,1.67,PASS,PASS,7.8,9,6.6,2.39,2,1,PASS,8,9,6.4,2.44,-3,-1,PASS,8.2,9.3,7.2,-2.78,3,1,PASS,PASS,0.200,PASS,0.000,PASS,0.000,PASS,
12:58:27,0:00:09,P2,TK-045,PASS,MAC: A4C138955A52,PASS,1.73,1.72,0.12,1.73,PASS,2.91,2.90,0.15,2.90,PASS,1.13,1.13,0.13,1.13,PASS,PASS,19.5,20.6,17.7,-2.56,-2,0,PASS,19.9,20.6,18.4,-2.43,-2,0,PASS,20.3,21.7,18.8,-2.21,-3,0,PASS,PASS,0.000,PASS,0.000,PASS,0.000,PASS,
12:58:56,0:00:09,P2,TK-045,PASS,MAC: A4C138955C52,PASS,2.29,2.29,0.11,2.29,PASS,3.52,3.52,0.14,3.52,PASS,1.84,1.83,0.13,1.84,PASS,PASS,15.1,16,13.9,2.19,3,0,PASS,15.4,17,13.8,-2.12,3,1,PASS,15.8,18,14.7,2.7,3,0,PASS,PASS,0.200,PASS,0.000,PASS,0.000,PASS,
12:59:29,0:00:10,P2,TK-045,PASS,MAC: A4C138255452,PASS,3.19,3.18,0.11,3.18,PASS,4.16,4.16,0.14,4.16,PASS,2.11,2.11,0.14,2.11,PASS,PASS,6.7,7.5,5.7,2.2,-3,-1,PASS,6.9,7.5,5.6,-2.14,-2,0,PASS,7.1,8.2,6.1,2.37,-2,0,PASS,PASS,0.000,PASS,0.000,PASS,0.000,PASS,
12:59:57,0:00:09,P2,TK-045,PASS,MAC: A4C138A55452,PASS,2.19,2.18,0.13,2.18,PASS,3.41,3.41,0.14,3.41,PASS,1.74,1.74,0.14,1.74,PASS,PASS,10.9,12.2,9.9,-2.48,3,1,PASS,11.2,12,10.3,-2.68,3,2,PASS,11.4,12.5,10.1,2.7,3,0,PASS,PASS,0.200,PASS,0.000,PASS,0.200,PASS,
13:00:26,0:00:09,P2,TK-045,PASS,MAC: A4C138255252,PASS,1.90,1.85,0.11,1.86,PASS,2.74,2.74,0.15,2.74,PASS,0.84,0.84,0.14,0.84,PASS,PASS,18.4,19.6,17.6,-2.09,-3,0,PASS,18.8,20.2,18,2.45,-2,1,PASS,19.1,20.7,17.8,2.37,3,0,PASS,PASS,0.200,PASS,0.000,PASS,0.000,PASS,
13:01:23,0:00:09,P2,TK-045,PASS,MAC: A4C138A55652,PASS,2.09,2.09,0.11,2.09,PASS,3.38,3.38,0.14,3.38,PASS,1.67,1.67,0.14,1.67,PASS,PASS,19,20,17.3,-2.58,3,0,PASS,19.3,20.3,17.8,-2.3,3,1,PASS,19.7,20.7,18.4,2.49,2,-1,PASS,PASS,0.000,PASS,0.000,PASS,0.000,PASS,
13:01:47,0:00:09,P2,TK-045,PASS,MAC: A4C138C55E52,PASS,2.61,2.60,0.11,2.61,PASS,3.95,3.95,0.15,3.95,PASS,2.14,2.14,0.14,2.14,PASS,PASS,20.1,21.8,18.9,2.57,-3,-1,PASS,20.6,21.7,19.1,2.52,-3,-1,PASS,21,22,19.5,-2.89,-3,-1,PASS,PASS,0.000,PASS,0.000,PASS,0.000,PASS,
13:02:11,0:00:09,P2,TK-045,PASS,MAC: A4C138C55452,PASS,2.38,2.38,0.11,2.38,PASS,3.51,3.51,0.14,3.51,PASS,1.75,1.74,0.14,1.74,PASS,PASS,11.5,12.2,10.1,2.82,-3,0,PASS,11.8,12.7,10,-2.16,3,-1,PASS,12.1,13.6,10.8,-2.36,3,1,PASS,PASS,0.200,PASS,0.000,PASS,0.000,PASS,
13:02:35,0:00:09,P2,TK-045,PASS,MAC: A4C138355852,PASS,2.23,2.22,0.12,2.22,PASS,3.25,3.24,0.15,3.24,PASS,1.40,1.39,0.14,1.39,PASS,PASS,12.8,14.1,11.7,2.06,-3,0,PASS,13.1,13.9,11.8,-2.36,3,1,PASS,13.4,14.4,12.1,2.3,-3,0,PASS,PASS,0.000,PASS,0.000,PASS,0.200,PASS,
13:03:00,0:00:09,P2,TK-045,PASS,MAC: A4C138C55152,PASS,2.41,2.39,0.11,2.40,PASS,3.54,3.53,0.14,3.54,PASS,1.66,1.66,0.14,1.66,PASS,PASS,11.3,12.6,9.9,2.8,-2,0,PASS,11.5,12.8,10.6,3.13,2,0,PASS,11.8,13.2,10.1,2.61,2,0,PASS,PASS,0.000,PASS,0.000,PASS,0.200,PASS,
13:03:29,0:00:09,P2,TK-045,PASS,MAC: A4C138C55052,PASS,2.21,2.21,0.11,2.21,PASS,3.43,3.42,0.15,3.43,PASS,1.59,1.59,0.13,1.59,PASS,PASS,11.4,12.6,10.1,-2.32,2,1,PASS,11.7,12.7,9.9,-2.55,2,0,PASS,12,13.1,10.9,2.52,3,1,PASS,PASS,0.000,PASS,0.000,PASS,0.000,PASS,
13:04:10,0:00:10,P2,TK-045,PASS,MAC: A4C138355E52,PASS,3.50,3.49,0.11,3.49,PASS,4.69,4.68,0.14,4.68,PASS,2.86,2.86,0.12,2.86,PASS,PASS,15.3,16.7,14.1,2.44,-3,-1,PASS,15.6,16.3,14.4,1.95,2,0,PASS,15.9,17.1,14.6,3.25,-3,-1,PASS,PASS,0.000,PASS,0.000,PASS,0.000,PASS,
13:04:46,0:00:09,P2,TK-045,PASS,MAC: A4C138355C52,PASS,1.15,1.15,0.11,1.15,PASS,2.59,2.58,0.15,2.58,PASS,1.04,1.04,0.14,1.04,PASS,PASS,17,18.4,15.7,-2.33,2,0,PASS,17.4,18.5,16.2,-2.35,3,0,PASS,17.7,18.7,16.5,2.39,-3,0,PASS,PASS,0.000,PASS,0.000,PASS,0.000,PASS,
13:05:36,0:00:09,P2,TK-045,PASS,MAC: A4C138C55752,PASS,1.95,1.94,0.12,1.95,PASS,2.97,2.97,0.15,2.97,PASS,1.14,1.14,0.14,1.14,PASS,PASS,12.2,13.3,11.1,2.45,-2,0,PASS,12.5,14,11.1,-2.58,2,1,PASS,12.8,14.1,11.5,-2.21,3,1,PASS,PASS,0.200,PASS,0.000,PASS,0.000,PASS,
13:06:03,0:00:09,P2,TK-045,PASS,MAC: A4C138355F52,PASS,1.78,1.78,0.11,1.78,PASS,3.10,3.10,0.14,3.10,PASS,1.47,1.46,0.14,1.46,PASS,PASS,10.6,11.6,9.6,2.34,-2,0,PASS,10.9,12.5,9.6,-2.23,2,0,PASS,11.1,12.2,9.3,-2.48,3,0,PASS,PASS,0.200,PASS,0.000,PASS,0.000,PASS,
13:06:36,0:00:09,P2,TK-045,PASS,MAC: A4C138C55252,PASS,2.10,2.10,0.11,2.10,PASS,3.37,3.37,0.14,3.37,PASS,1.67,1.67,0.13,1.67,PASS,PASS,16.3,17.5,14.8,-2.45,-3,-1,PASS,16.6,17.9,15.6,-2.19,-3,-1,PASS,16.9,17.7,15.7,2.13,3,0,PASS,PASS,0.200,PASS,0.000,PASS,0.000,PASS,
13:07:17,0:00:09,P2,TK-045,PASS,MAC: A4C138255752,PASS,1.87,1.86,0.12,1.87,PASS,3.04,3.03,0.14,3.04,PASS,1.34,1.34,0.14,1.34,PASS,PASS,9,10.1,7.7,-2.44,-3,0,PASS,9.2,10.3,8,2.37,-3,0,PASS,9.4,10.7,7.9,3.3,3,-1,PASS,PASS,0.000,PASS,0.000,PASS,0.200,PASS,
13:07:51,0:00:09,P2,TK-045,PASS,MAC: A4C138C55352,PASS,2.52,2.52,0.11,2.52,PASS,3.76,3.75,0.14,3.76,PASS,2.02,2.01,0.13,2.02,PASS,PASS,13.5,14.5,12.3,2.37,3,0,PASS,13.8,14.9,12.9,-2.29,-2,1,PASS,14.1,15.4,13.2,-2.59,3,1,PASS,PASS,0.000,PASS,0.000,PASS,0.000,PASS,
13:08:52,0:00:09,P2,TK-045,PASS,MAC: A4C138C55652,PASS,2.09,2.08,0.11,2.09,PASS,3.31,3.26,0.14,3.27,PASS,1.46,1.45,0.14,1.45,PASS,PASS,14.2,15.4,13.2,-2.23,-3,0,PASS,14.5,15.8,13.3,2.49,2,1,PASS,14.9,16.2,13.8,-2.26,2,0,PASS,PASS,0.000,PASS,0.000,PASS,0.000,PASS,
13:09:34,0:00:09,P2,TK-045,PASS,MAC: A4C138355952,PASS,2.79,2.78,0.11,2.79,PASS,4.10,4.09,0.14,4.09,PASS,2.28,2.27,0.13,2.27,PASS,PASS,10.3,11.3,9.7,-3.12,-3,0,PASS,10.6,11.5,9.6,-2.2,3,1,PASS,10.9,12,9.8,-2.27,2,1,PASS,PASS,0.200,PASS,0.000,PASS,0.200,PASS,
13:11:04,0:00:09,P2,TK-045,PASS,MAC: A4C138355A52,PASS,1.81,1.80,0.11,1.80,PASS,3.24,3.23,0.14,3.24,PASS,1.59,1.59,0.14,1.59,PASS,PASS,14.4,15.4,13,2.59,-2,0,PASS,14.7,15.8,14,-2.35,-3,-2,PASS,15,16.2,13.7,2.58,-3,0,PASS,PASS,0.000,PASS,0.000,PASS,0.200,PASS,
13:12:05,0:00:09,P2,TK-045,PASS,MAC: A4C138955F52,PASS,1.61,1.54,0.11,1.59,PASS,3.07,3.07,0.14,3.07,PASS,1.44,1.39,0.13,1.43,PASS,PASS,14.6,15.4,13.2,-2.01,-2,-1,PASS,14.9,16.4,12.9,2.18,-3,0,PASS,15.2,16.7,14,2.71,-2,0,PASS,PASS,0.200,PASS,0.000,PASS,0.200,PASS,
13:12:32,0:00:09,P2,TK-045,PASS,MAC: A4C138C55552,PASS,1.47,1.47,0.11,1.47,PASS,2.60,2.60,0.15,2.60,PASS,0.79,0.79,0.15,0.79,PASS,PASS,17.3,18.6,16.3,-2.55,2,0,PASS,17.6,18.5,16.2,2.29,2,0,PASS,18,19.3,16.4,-2.1,3,2,PASS,PASS,0.000,PASS,0.200,PASS,0.000,PASS,
13:13:00,0:00:10,P2,TK-045,PASS,MAC: A4C138E55452,PASS,2.68,2.67,0.11,2.67,PASS,4.09,4.09,0.14,4.09,PASS,2.29,2.28,0.13,2.28,PASS,PASS,18.4,20.4,16.8,2.07,-3,0,PASS,18.8,19.9,18,-2.25,-3,0,PASS,19.2,21,18.1,-2.36,3,1,PASS,PASS,0.000,PASS,0.000,PASS,0.200,PASS,
13:13:29,0:00:09,P2,TK-045,PASS,MAC: A4C138E55952,PASS,2.04,2.04,0.11,2.04,PASS,3.31,3.31,0.14,3.31,PASS,1.54,1.54,0.14,1.54,PASS,PASS,13.2,14.5,12,-2.42,2,0,PASS,13.5,14.3,12.6,2.01,-2,0,PASS,13.8,15.4,12.5,2.39,3,1,PASS,PASS,0.000,PASS,0.000,PASS,0.000,PASS,
13:13:53,0:00:09,P2,TK-045,PASS,MAC: A4C138E55652,PASS,1.98,1.98,0.12,1.98,PASS,3.24,3.24,0.14,3.24,PASS,1.36,1.36,0.13,1.36,PASS,PASS,15,16.2,13.8,-2.12,2,0,PASS,15.3,16.6,14,-2.37,-3,-1,PASS,15.6,16.8,14.5,2.58,2,0,PASS,PASS,0.400,PASS,0.200,PASS,0.000,PASS,
13:14:17,0:00:09,P2,TK-045,PASS,MAC: A4C138E55352,PASS,2.45,2.45,0.11,2.45,PASS,3.82,3.82,0.14,3.82,PASS,1.94,1.94,0.13,1.94,PASS,PASS,12.3,13.4,11.4,2.57,2,1,PASS,12.6,13.8,11.7,2.85,-3,0,PASS,12.9,14.3,11.6,2.87,-2,0,PASS,PASS,0.000,PASS,0.000,PASS,0.200,PASS,
13:14:42,0:00:09,P2,TK-045,PASS,MAC: A4C138E55552,PASS,1.83,1.82,0.12,1.82,PASS,3.31,3.31,0.14,3.31,PASS,1.61,1.60,0.14,1.61,PASS,PASS,11.5,12.5,10.4,-2.56,2,0,PASS,11.7,12.7,10.7,2.34,3,1,PASS,12,13.4,10.8,2.38,-4,0,PASS,PASS,0.000,PASS,0.200,PASS,0.000,PASS,
13:15:13,0:00:09,P2,TK-045,PASS,MAC: A4C138E55A52,PASS,3.18,3.17,0.11,3.18,PASS,4.69,4.64,0.14,4.68,PASS,2.93,2.88,0.13,2.92,PASS,PASS,3.7,4.9,2.8,2.21,3,0,PASS,3.9,4.9,2.5,2.57,2,0,PASS,4,5.1,3,-2.58,3,0,PASS,PASS,0.000,PASS,0.000,PASS,0.000,PASS,
13:15:41,0:00:09,P2,TK-045,PASS,MAC: A4C138E55F52,PASS,2.84,2.79,0.11,2.82,PASS,4.16,4.11,0.14,4.14,PASS,2.28,2.24,0.13,2.27,PASS,PASS,20.1,21.4,18.6,-2.5,-3,0,PASS,20.5,21.5,19.8,1.92,2,0,PASS,20.9,22,19.8,-2.48,-3,0,PASS,PASS,0.000,PASS,0.000,PASS,0.000,PASS,
13:16:06,0:00:09,P2,TK-045,PASS,MAC: A4C138E55D52,PASS,1.58,1.58,0.12,1.58,PASS,2.64,2.64,0.15,2.64,PASS,0.72,0.72,0.14,0.72,PASS,PASS,5.5,6.7,4.4,2.53,3,0,PASS,5.7,6.9,4.5,-2.19,2,0,PASS,5.9,7.3,4.5,2.11,-3,2,PASS,PASS,0.000,PASS,0.000,PASS,0.000,PASS,
13:16:33,0:00:09,P2,TK-045,PASS,MAC: A4C138E55852,PASS,3.08,3.07,0.12,3.08,PASS,4.46,4.46,0.14,4.46,PASS,2.56,2.56,0.13,2.56,PASS,PASS,3,4,2.1,2.59,-2,-1,PASS,3.2,4.7,1.5,-2.71,-3,0,PASS,3.3,4.8,1.8,-2.81,-2,0,PASS,PASS,0.200,PASS,0.000,PASS,0.000,PASS,
13:17:05,0:00:09,P2,TK-045,PASS,MAC: A4C138E55252,PASS,2.65,2.65,0.11,2.65,PASS,4.07,4.06,0.14,4.06,PASS,2.32,2.31,0.13,2.32,PASS,PASS,11.8,13.2,10.5,-2.56,2,0,PASS,12.1,13.1,11.2,-1.97,2,0,PASS,12.4,13.4,11.3,-2.37,-3,-1,PASS,PASS,0.200,PASS,0.000,PASS,0.000,PASS,
13:17:39,0:00:09,P2,TK-045,PASS,MAC: A4C138F55752,PASS,1.80,1.79,0.11,1.79,PASS,3.31,3.31,0.14,3.31,PASS,1.67,1.66,0.14,1.67,PASS,PASS,11.9,12.9,10.6,2.3,-2,-1,PASS,12.2,13.1,11,2.59,-3,-1,PASS,12.5,13.7,10.9,-2.21,-3,0,PASS,PASS,0.200,PASS,0.000,PASS,0.000,PASS,
13:18:10,0:00:09,P2,TK-045,PASS,MAC: A4C138F55652,PASS,1.96,1.96,0.11,1.96,PASS,3.41,3.41,0.14,3.41,PASS,1.68,1.67,0.14,1.68,PASS,PASS,7.6,8.9,6.6,-1.87,2,0,PASS,7.8,9.2,6.3,3.06,2,0,PASS,8.1,9.5,7,2.26,2,0,PASS,PASS,0.000,PASS,0.000,PASS,0.200,PASS,
13:18:45,0:00:09,P2,TK-045,PASS,MAC: A4C138D55952,PASS,1.75,1.75,0.12,1.75,PASS,3.23,3.23,0.14,3.23,PASS,1.46,1.46,0.13,1.46,PASS,PASS,15.8,16.6,15.1,2.41,-2,0,PASS,16.1,16.8,14.7,2.49,2,1,PASS,16.5,17.5,14.9,2.26,-3,0,PASS,PASS,0.000,PASS,0.000,PASS,0.000,PASS,
13:20:13,0:00:12,P2,TK-045,PASS,MAC: A4C138E55E52,PASS,2.15,2.14,0.12,2.15,PASS,3.53,3.53,0.14,3.53,PASS,1.72,1.72,0.13,1.72,PASS,PASS,2,3.1,1,2.17,-2,-1,PASS,2.1,3.6,0.8,2.4,2,0,PASS,2.2,3.6,0.9,2.81,-3,0,PASS,PASS,0.400,PASS,0.000,PASS,0.000,PASS,
13:20:58,0:00:09,P2,TK-045,PASS,MAC: A4C138E55C52,PASS,1.86,1.85,0.11,1.85,PASS,3.50,3.49,0.14,3.50,PASS,1.93,1.92,0.13,1.93,PASS,PASS,20.9,22.3,19.6,2.66,2,0,PASS,21.3,22.2,20,2.23,3,1,PASS,21.8,22.5,20.9,2.68,-3,0,PASS,PASS,0.800,PASS,0.000,PASS,0.000,PASS,
13:21:24,0:00:09,P2,TK-045,PASS,MAC: A4C138E55B52,PASS,2.72,2.71,0.11,2.71,PASS,4.02,4.01,0.15,4.02,PASS,2.19,2.19,0.13,2.19,PASS,PASS,14.6,16.1,13.3,2.8,-2,0,PASS,14.9,16.3,13.7,-2.27,3,1,PASS,15.2,16.7,14.1,2.73,-2,0,PASS,PASS,0.200,PASS,0.000,PASS,0.000,PASS,
13:22:35,0:00:09,P2,TK-045,PASS,MAC: A4C138F55C52,PASS,1.13,1.12,0.12,1.13,PASS,2.52,2.52,0.14,2.52,PASS,0.84,0.84,0.14,0.84,PASS,PASS,12.1,13.4,11,-2.3,2,0,PASS,12.4,13.7,11.3,2.24,2,0,PASS,12.7,13.7,11.8,-2.21,2,0,PASS,PASS,0.000,PASS,0.000,PASS,0.200,PASS,
13:23:10,0:00:09,P2,TK-045,PASS,MAC: A4C138D55152,PASS,1.77,1.76,0.12,1.77,PASS,3.05,3.05,0.14,3.05,PASS,1.27,1.27,0.13,1.27,PASS,PASS,8.1,9.6,7.3,2.52,-2,-1,PASS,8.3,9.5,7.2,1.99,-2,0,PASS,8.6,9.7,7.6,-2.27,-2,0,PASS,PASS,0.000,PASS,0.000,PASS,0.000,PASS,
13:23:38,0:00:09,P2,TK-045,PASS,MAC: A4C138F55452,PASS,1.42,1.41,0.11,1.42,PASS,2.78,2.78,0.15,2.78,PASS,1.06,1.05,0.14,1.05,PASS,PASS,7.9,9.1,6.4,3.05,3,1,PASS,8.1,9,7.2,-2.39,-3,0,PASS,8.3,9.6,7.1,2.21,2,0,PASS,PASS,0.000,PASS,0.000,PASS,0.000,PASS,
13:24:25,0:00:10,P2,TK-045,PASS,MAC: A4C138D55352,PASS,2.55,2.55,0.10,2.55,PASS,4.19,4.18,0.14,4.18,PASS,2.50,2.49,0.13,2.49,PASS,PASS,11.3,12.5,10.2,2.16,-2,0,PASS,11.5,12.8,10.2,2.57,3,0,PASS,11.8,13.3,10.6,2.41,-2,-1,PASS,PASS,0.000,PASS,0.000,PASS,0.000,PASS,
13:25:58,0:00:09,P2,TK-045,PASS,MAC: A4C138D55A52,PASS,2.11,2.05,0.12,2.11,PASS,3.54,3.49,0.14,3.54,PASS,1.80,1.76,0.14,1.80,PASS,PASS,12.3,13,11.5,-2.39,-2,-1,PASS,12.5,13.6,11.4,-2.29,-3,-1,PASS,12.8,14.2,11.9,-2.6,-2,0,PASS,PASS,0.000,PASS,0.000,PASS,0.000,PASS,
13:26:29,0:00:09,P2,TK-045,PASS,MAC: A4C138D55D52,PASS,2.54,2.54,0.11,2.54,PASS,3.95,3.95,0.14,3.95,PASS,2.21,2.21,0.13,2.21,PASS,PASS,15.2,16.2,14,2.44,-2,0,PASS,15.6,16.5,14.3,2.45,3,0,PASS,15.9,16.6,14.7,-2.09,3,0,PASS,PASS,0.200,PASS,0.000,PASS,0.000,PASS,
13:27:02,0:00:09,P2,TK-045,PASS,MAC: A4C138E55052,PASS,2.67,2.67,0.11,2.67,PASS,4.39,4.38,0.14,4.38,PASS,2.57,2.57,0.14,2.57,PASS,PASS,17.7,19.5,16.6,-2.52,-3,0,PASS,18.1,18.9,17.3,2.34,-2,0,PASS,18.5,19.9,17.2,-2.85,-3,0,PASS,PASS,0.000,PASS,0.000,PASS,0.000,PASS,
13:27:31,0:00:09,P2,TK-045,PASS,MAC: A4C138E55152,PASS,2.50,2.50,0.11,2.50,PASS,4.14,4.14,0.14,4.14,PASS,2.33,2.33,0.13,2.33,PASS,PASS,17.5,18.8,15.8,2.28,-3,0,PASS,17.8,19,16.7,2.72,-3,0,PASS,18.2,19.5,17,-2.48,-2,0,PASS,PASS,0.000,PASS,0.000,PASS,0.000,PASS,
13:28:09,0:00:09,P2,TK-045,PASS,MAC: A4C138D55252,PASS,1.68,1.68,0.12,1.68,PASS,3.16,3.16,0.14,3.16,PASS,1.40,1.39,0.14,1.40,PASS,PASS,4.8,5.8,3.4,-2.73,3,0,PASS,5,6.1,4.1,2.45,3,2,PASS,5.1,6.2,3.6,-2.77,3,0,PASS,PASS,0.000,PASS,0.000,PASS,0.000,PASS,
13:28:44,0:00:09,P2,TK-045,PASS,MAC: A4C138D55B52,PASS,2.22,2.21,0.11,2.21,PASS,3.84,3.84,0.14,3.84,PASS,2.11,2.10,0.13,2.11,PASS,PASS,14.4,15.5,12.9,2.61,-2,0,PASS,14.7,15.5,13.3,1.92,-2,0,PASS,15,16.7,14,2.31,3,0,PASS,PASS,0.000,PASS,0.000,PASS,0.000,PASS,
13:29:29,0:00:09,P2,TK-045,PASS,MAC: A4C138D55052,PASS,2.10,2.09,0.11,2.10,PASS,3.65,3.65,0.13,3.65,PASS,1.87,1.87,0.14,1.87,PASS,PASS,8.4,10,7.6,2.86,-3,-1,PASS,8.6,9.7,7.7,-2.57,-3,0,PASS,8.8,10.1,7.8,-2.24,-2,0,PASS,PASS,0.200,PASS,0.000,PASS,0.000,PASS,
13:30:03,0:00:09,P2,TK-045,PASS,MAC: A4C138D55E52,PASS,1.45,1.44,0.11,1.44,PASS,3.04,3.03,0.14,3.03,PASS,1.45,1.44,0.14,1.45,PASS,PASS,5.6,6.6,4.4,-2.32,-3,-1,PASS,5.7,6.4,4.4,-2.3,-2,-1,PASS,5.9,7.3,4.6,2.59,-2,0,PASS,PASS,0.000,PASS,0.000,PASS,0.000,PASS,
13:31:32,0:00:09,P2,TK-045,PASS,MAC: A4C138D55C52,PASS,2.13,2.12,0.11,2.13,PASS,3.74,3.73,0.14,3.73,PASS,2.05,2.05,0.13,2.05,PASS,PASS,18.3,19.5,17.1,2.57,-2,1,PASS,18.6,19.6,17.4,2.01,-2,-1,PASS,19,20.2,18.1,-2.71,-3,-1,PASS,PASS,0.200,PASS,0.000,PASS,0.000,PASS,
13:32:31,0:00:09,P2,TK-045,PASS,MAC: A4C138D55F52,PASS,2.04,2.03,0.11,2.04,PASS,3.46,3.45,0.15,3.46,PASS,1.74,1.73,0.14,1.73,PASS,PASS,3.7,4.5,2.1,-2.31,-2,0,PASS,3.8,4.9,3,2.96,-3,0,PASS,4,5.1,2.6,-2.41,3,1,PASS,PASS,0.200,PASS,0.000,PASS,0.000,PASS,
13:33:26,0:00:09,P2,TK-045,PASS,MAC: A4C138D55852,PASS,2.09,2.09,0.11,2.09,PASS,3.54,3.54,0.14,3.54,PASS,1.82,1.81,0.13,1.82,PASS,PASS,8.4,9.6,6.8,2.74,-2,0,PASS,8.6,9.6,7.3,-2.41,-3,0,PASS,8.8,10.1,7.5,-2.28,3,0,PASS,PASS,0.200,PASS,0.000,PASS,0.000,PASS,
13:34:14,0:00:09,P2,TK-045,PASS,MAC: A4C138E55752,PASS,2.05,2.04,0.11,2.04,PASS,3.55,3.55,0.14,3.55,PASS,1.74,1.74,0.14,1.74,PASS,PASS,15.6,16.6,14.4,2.33,-2,1,PASS,15.9,17.6,15,2.48,3,0,PASS,16.3,17.3,14.9,-1.93,2,1,PASS,PASS,0.000,PASS,0.000,PASS,0.000,PASS,
13:34:56,0:00:10,P2,TK-045,PASS,MAC: A4C138855252,PASS,1.80,1.80,0.10,1.80,PASS,3.58,3.57,0.14,3.58,PASS,1.97,1.97,0.13,1.97,PASS,PASS,8,9.1,7,2.08,-2,0,PASS,8.2,9.2,7.5,2.51,2,0,PASS,8.4,9.3,7.5,-2.68,3,0,PASS,PASS,0.200,PASS,0.000,PASS,0.000,PASS,
13:35:30,0:00:09,P2,TK-045,PASS,MAC: A4C138955652,PASS,2.13,2.13,0.11,2.13,PASS,3.63,3.63,0.14,3.63,PASS,1.87,1.86,0.13,1.87,PASS,PASS,13.6,14.4,11.8,-2.64,-2,0,PASS,13.8,15.2,12.6,2.35,-3,-1,PASS,14.2,15.1,12.9,-2.86,-2,0,PASS,PASS,0.400,PASS,0.000,PASS,0.000,PASS,
13:36:04,0:00:09,P2,TK-045,PASS,MAC: A4C138955052,PASS,1.96,1.96,0.12,1.96,PASS,3.36,3.35,0.14,3.36,PASS,1.58,1.58,0.13,1.58,PASS,PASS,12.4,13.4,11,2.64,-3,-1,PASS,12.6,13.7,11.9,2.95,-4,0,PASS,12.9,13.9,11.8,-2.53,-3,-1,PASS,PASS,0.000,PASS,0.000,PASS,0.000,PASS,
13:36:50,0:00:09,P2,TK-045,PASS,MAC: A4C138C55B52,PASS,1.31,1.25,0.12,1.29,PASS,2.77,2.72,0.15,2.75,PASS,1.10,1.06,0.14,1.07,PASS,PASS,16.4,17.5,15.3,-2.37,2,0,PASS,16.8,17.8,15.6,-2.38,-2,0,PASS,17.1,18.2,16.1,-2.69,2,0,PASS,PASS,0.200,PASS,0.000,PASS,0.400,PASS,
13:37:28,0:00:09,P2,TK-045,PASS,MAC: A4C138955452,PASS,2.13,2.13,0.11,2.13,PASS,3.39,3.39,0.14,3.39,PASS,1.56,1.55,0.13,1.56,PASS,PASS,13.6,14.6,12.3,-2.25,2,0,PASS,13.9,15.2,12.8,2.5,-3,0,PASS,14.2,15.7,13.1,2.78,-2,-1,PASS,PASS,0.000,PASS,0.000,PASS,0.000,PASS,
13:38:06,0:00:09,P2,TK-045,PASS,MAC: A4C138F55052,PASS,2.97,2.97,0.10,2.97,PASS,4.58,4.57,0.14,4.58,PASS,2.71,2.71,0.13,2.71,PASS,PASS,8.2,10,7.4,-2.12,3,0,PASS,8.4,9.5,7,-3.38,-2,1,PASS,8.7,9.7,7.2,2.03,2,2,PASS,PASS,0.000,PASS,0.000,PASS,0.000,PASS,
13:39:13,0:00:12,P2,TK-045,PASS,MAC: A4C138F55152,PASS,0.31,0.31,0.11,0.31,PASS,2.58,2.57,0.15,2.57,PASS,1.16,1.15,0.14,1.16,PASS,PASS,9.2,10.4,7.5,-2.69,-2,-2,PASS,9.4,10.7,8.3,-2.45,-3,-1,PASS,9.7,10.8,8.4,2.12,-2,-1,PASS,PASS,0.600,PASS,0.200,PASS,0.000,PASS,
13:40:04,0:00:09,P2,TK-045,PASS,MAC: A4C138955752,PASS,1.82,1.82,0.11,1.82,PASS,3.36,3.36,0.15,3.36,PASS,1.54,1.54,0.13,1.54,PASS,PASS,15.7,17.1,15,-3.22,2,0,PASS,16.1,17.6,15.1,-2.45,3,0,PASS,16.4,18,15,2.76,3,0,PASS,PASS,0.200,PASS,0.000,PASS,0.000,PASS,
13:42:02,0:00:09,P2,TK-045,PASS,MAC: A4C138F55F52,PASS,1.46,1.46,0.11,1.46,PASS,2.97,2.97,0.14,2.97,PASS,1.16,1.15,0.14,1.16,PASS,PASS,14.3,15.1,13.2,2.21,-2,0,PASS,14.6,15.7,12.9,2.59,-3,-1,PASS,14.9,16,14,3.12,3,1,PASS,PASS,0.000,PASS,0.000,PASS,0.000,PASS,
13:42:29,0:00:09,P2,TK-045,PASS,MAC: A4C138955E52,PASS,2.27,2.26,0.11,2.27,PASS,3.82,3.82,0.14,3.82,PASS,1.98,1.97,0.13,1.97,PASS,PASS,9.4,10.6,8.2,-2.76,-3,-1,PASS,9.6,10.4,8.8,-3.03,2,0,PASS,9.8,11.2,8.5,3.17,-2,0,PASS,PASS,0.000,PASS,0.000,PASS,0.000,PASS,
13:43:09,0:00:09,P2,TK-045,PASS,MAC: A4C138955152,PASS,2.61,2.60,0.11,2.61,PASS,4.25,4.25,0.14,4.25,PASS,2.39,2.38,0.14,2.39,PASS,PASS,9.4,10.8,8.3,2.73,-2,-1,PASS,9.7,10.8,8.9,-2.14,2,0,PASS,10,11.1,8.6,-2.63,3,2,PASS,PASS,0.000,PASS,0.000,PASS,0.000,PASS,
13:43:55,0:00:09,P2,TK-045,PASS,MAC: A4C138955552,PASS,2.52,2.51,0.10,2.52,PASS,3.99,3.99,0.14,3.99,PASS,2.09,2.09,0.13,2.09,PASS,PASS,5.8,7.5,5.1,2.18,2,0,PASS,6,6.8,5,-2.41,-3,0,PASS,6.2,7.7,5.5,-2.82,-3,-1,PASS,PASS,0.000,PASS,0.000,PASS,0.000,PASS,
13:44:35,0:00:09,P2,TK-045,PASS,MAC: A4C138F55352,PASS,2.30,2.29,0.11,2.30,PASS,3.90,3.90,0.14,3.90,PASS,1.95,1.95,0.14,1.95,PASS,PASS,8.5,9.7,6.2,-3.29,-3,0,PASS,8.7,9.3,7.4,2.38,2,1,PASS,9,10.4,7.8,2.21,-3,0,PASS,PASS,0.000,PASS,0.000,PASS,0.000,PASS,
13:45:35,0:00:09,P2,TK-045,PASS,MAC: A4C138F55552,PASS,1.49,1.48,0.11,1.48,PASS,3.14,3.13,0.14,3.13,PASS,1.22,1.22,0.14,1.22,PASS,PASS,3.6,5,2.5,-1.81,2,0,PASS,3.8,4.8,3,2.81,3,1,PASS,3.9,4.9,2.6,2.41,2,0,PASS,PASS,0.200,PASS,0.000,PASS,0.000,PASS,
13:46:35,0:00:09,P2,TK-045,PASS,MAC: A4C138F55252,PASS,1.92,1.92,0.11,1.92,PASS,3.47,3.46,0.14,3.46,PASS,1.57,1.56,0.14,1.57,PASS,PASS,14,15,12.9,-1.85,-3,0,PASS,14.3,15.3,12.8,-2.69,2,2,PASS,14.6,15.8,13.5,-2.65,3,0,PASS,PASS,0.000,PASS,0.000,PASS,0.200,PASS,
13:47:10,0:00:09,P2,TK-045,PASS,MAC: A4C138F55E52,PASS,1.71,1.66,0.12,1.67,PASS,3.09,3.05,0.14,3.05,PASS,1.10,1.05,0.14,1.06,PASS,PASS,12.6,13.6,11.7,2.21,-2,-1,PASS,12.9,14.4,12.1,2.55,2,0,PASS,13.2,14.5,11.9,-3.13,-3,0,PASS,PASS,0.000,PASS,0.000,PASS,0.000,PASS,
13:47:47,0:00:09,P2,TK-045,PASS,MAC: A4C138855E52,PASS,1.16,1.16,0.12,1.16,PASS,2.65,2.65,0.14,2.65,PASS,0.86,0.85,0.14,0.86,PASS,PASS,7.8,8.7,6.8,2.57,-2,0,PASS,8,9,6.6,-2.44,3,0,PASS,8.2,9.3,7.1,2.41,-3,-1,PASS,PASS,0.200,PASS,0.000,PASS,0.200,PASS,
13:48:19,0:00:09,P2,TK-045,PASS,MAC: A4C138855852,PASS,1.21,1.19,0.11,1.21,PASS,3.03,3.02,0.14,3.02,PASS,1.45,1.44,0.14,1.45,PASS,PASS,17.1,18.2,15.9,-2.1,2,0,PASS,17.5,19,16,-3.49,-3,0,PASS,17.8,19.3,16.5,-2.3,-3,0,PASS,PASS,0.200,PASS,0.000,PASS,0.000,PASS,
13:48:49,0:00:09,P2,TK-045,PASS,MAC: A4C138855F52,PASS,2.39,2.38,0.11,2.38,PASS,4.29,4.28,0.14,4.28,PASS,2.52,2.51,0.14,2.52,PASS,PASS,4.8,5.8,3.7,-2.41,-2,0,PASS,4.9,6.2,3.6,2.23,-2,1,PASS,5.1,6,4.1,-2.68,2,0,PASS,PASS,0.400,PASS,0.000,PASS,0.000,PASS,
13:49:20,0:00:09,P2,TK-045,PASS,MAC: A4C138855A52,PASS,2.12,2.12,0.11,2.12,PASS,3.88,3.87,0.14,3.87,PASS,2.11,2.10,0.14,2.11,PASS,PASS,13.3,14.6,12.2,-2.5,-3,-1,PASS,13.6,15.1,12.6,2.36,-3,-1,PASS,13.9,15,12.5,-2.19,3,1,PASS,PASS,0.200,PASS,0.000,PASS,0.000,PASS,
13:50:10,0:00:09,P2,TK-045,PASS,MAC: A4C138855B52,PASS,1.29,1.28,0.11,1.28,PASS,3.04,3.04,0.14,3.04,PASS,1.36,1.35,0.14,1.36,PASS,PASS,9.3,10.5,7.9,2.35,-2,-1,PASS,9.5,10.7,8.7,2.73,3,0,PASS,9.7,11.5,8.1,-2.59,3,0,PASS,PASS,0.200,PASS,0.000,PASS,0.200,PASS,
13:51:57,0:00:09,P2,TK-045,PASS,MAC: A4C138855652,PASS,2.07,2.06,0.11,2.07,PASS,3.83,3.82,0.14,3.82,PASS,2.07,2.07,0.14,2.07,PASS,PASS,5.4,6.6,4.2,-2.23,-2,0,PASS,5.6,6.7,4.5,-2.73,3,1,PASS,5.8,6.8,4.5,2.21,3,0,PASS,PASS,0.200,PASS,0.000,PASS,0.000,PASS,
13:52:34,0:00:10,P2,TK-045,PASS,MAC: A4C138855C52,PASS,1.94,1.93,0.11,1.93,PASS,3.63,3.62,0.14,3.62,PASS,1.82,1.81,0.14,1.81,PASS,PASS,15.1,16.3,14.2,-3.04,-3,0,PASS,15.4,16.1,14.2,2.92,3,0,PASS,15.7,16.6,14.7,-2.02,2,-1,PASS,PASS,0.000,PASS,0.000,PASS,0.000,PASS,
13:53:29,0:00:09,P2,TK-045,PASS,MAC: A4C138855552,PASS,1.75,1.74,0.11,1.75,PASS,3.61,3.61,0.13,3.61,PASS,1.90,1.90,0.14,1.90,PASS,PASS,19.2,20.3,18,2.28,3,-1,PASS,19.6,20.5,18,2.31,-3,0,PASS,20,20.9,18.4,-2.49,3,0,PASS,PASS,0.000,PASS,0.000,PASS,0.000,PASS,
13:54:10,0:00:10,P2,TK-045,PASS,MAC: A4C138855152,PASS,0.75,0.74,0.11,0.75,PASS,2.31,2.30,0.14,2.30,PASS,0.56,0.55,0.14,0.55,PASS,PASS,12.5,13.5,11.5,2.26,-2,0,PASS,12.7,14.2,11.7,2.65,2,0,PASS,13,14.2,12.2,-1.98,2,0,PASS,PASS,0.200,PASS,0.200,PASS,0.200,PASS,
13:54:54,0:00:09,P2,TK-045,PASS,MAC: A4C138F55B52,PASS,1.78,1.77,0.11,1.77,PASS,4.31,4.30,0.14,4.30,PASS,2.86,2.86,0.13,2.86,PASS,PASS,16.1,17.5,15.2,-2.3,2,0,PASS,16.4,17.9,15.1,2.68,3,0,PASS,16.8,18.3,15.8,-2.94,3,0,PASS,PASS,0.200,PASS,0.000,PASS,0.000,PASS,
13:55:48,0:00:10,P2,TK-045,PASS,MAC: A4C138855752,PASS,2.99,2.99,0.11,2.99,PASS,4.99,4.99,0.18,4.99,PASS,3.23,3.23,0.13,3.23,PASS,PASS,14,15.4,12.4,-2.79,-2,-1,PASS,14.3,15.5,13.2,2.4,3,0,PASS,14.6,15.7,13.6,2.66,-3,0,PASS,PASS,0.000,PASS,0.000,PASS,0.200,PASS,
13:56:32,0:00:09,P2,TK-045,PASS,MAC: A4C138F55852,PASS,2.58,2.58,0.10,2.58,PASS,4.29,4.29,0.14,4.29,PASS,2.41,2.41,0.14,2.41,PASS,PASS,15.8,17.3,14.8,2.56,2,2,PASS,16.1,18,15.4,2.44,3,0,PASS,16.5,18.3,14.8,-2.11,3,0,PASS,PASS,0.200,PASS,0.000,PASS,0.000,PASS,
13:58:19,0:00:10,P2,TK-045,PASS,MAC: A4C138F55D52,PASS,2.39,2.38,0.11,2.39,PASS,3.94,3.93,0.14,3.93,PASS,2.09,2.09,0.13,2.09,PASS,PASS,7,8.2,6.4,-2.52,-2,0,PASS,7.2,8.5,6.1,-2.02,2,0,PASS,7.4,8.5,5.4,2.67,3,0,PASS,PASS,0.000,PASS,0.000,PASS,0.000,PASS,
13:58:56,0:00:09,P2,TK-045,PASS,MAC: A4C138855352,PASS,1.62,1.62,0.12,1.62,PASS,3.18,3.17,0.14,3.18,PASS,1.35,1.35,0.14,1.35,PASS,PASS,18.2,19.2,17.2,2.09,-3,0,PASS,18.6,19.8,17.3,-2.06,3,1,PASS,19,20.7,17.8,-2.05,2,0,PASS,PASS,0.200,PASS,0.000,PASS,0.000,PASS,
14:00:42,0:00:09,P2,TK-045,PASS,MAC: A4C138855D52,PASS,2.37,2.36,0.11,2.36,PASS,3.87,3.86,0.14,3.86,PASS,1.95,1.95,0.13,1.95,PASS,PASS,18.9,19.8,17.5,-2.04,-2,0,PASS,19.3,20.8,17.9,-2.91,3,1,PASS,19.6,21.1,18.5,2.99,3,2,PASS,PASS,0.000,PASS,0.000,PASS,0.000,PASS,
14:01:16,0:00:09,P2,TK-045,PASS,MAC: A4C138955352,PASS,0.57,0.56,0.13,0.57,PASS,2.16,2.16,0.15,2.16,PASS,0.41,0.41,0.14,0.41,PASS,PASS,4.7,5.8,3.3,-2.34,3,0,PASS,4.8,5.9,3.5,-2.15,3,0,PASS,5,5.9,3.7,1.92,2,1,PASS,PASS,0.200,PASS,0.000,PASS,0.000,PASS,
14:02:08,0:00:09,P2,TK-045,PASS,MAC: A4C138855D52,PASS,1.27,1.26,0.11,1.27,PASS,2.69,2.69,0.14,2.69,PASS,0.87,0.87,0.13,0.87,PASS,PASS,18.2,19.4,17.5,-2.34,3,1,PASS,18.6,19.9,17.4,2.82,3,1,PASS,19,20.6,17.9,-2.34,2,1,PASS,PASS,0.000,PASS,0.200,PASS,0.000,PASS,
14:03:22,0:00:09,P2,TK-045,PASS,MAC: A4C138955352,PASS,1.07,1.06,0.11,1.06,PASS,2.61,2.60,0.15,2.61,PASS,0.75,0.75,0.15,0.75,PASS,PASS,4.4,5.8,3.5,2.23,-3,-1,PASS,4.6,5.8,3.7,2.23,2,0,PASS,4.8,5.8,3.5,-2.66,3,0,PASS,PASS,0.200,PASS,0.000,PASS,0.200,PASS,
