,测试耗时,测试位置,项目名称,测试结果,蓝牙地址,输出功率-测试结果,输出功率-低频-最大(dBm),输出功率-低频-最小(dBm),输出功率-低频-峰值(dBm),输出功率-低频-平均(dBm),输出功率-低频-结果,输出功率-中频-最大(dBm),输出功率-中频-最小(dBm),输出功率-中频-峰值(dBm),输出功率-中频-平均(dBm),输出功率-中频-结果,输出功率-高频-最大(dBm),输出功率-高频-最小(dBm),输出功率-高频-峰值(dBm),输出功率-高频-平均(dBm),输出功率-高频-结果,频偏漂移-测试结果,平均频偏-低频(kHz),最大+ve频偏-低频(kHz),最大-ve频偏-低频(kHz),漂移速率-低频(kHz),最大漂移-低频(kHz),平均漂移-低频(kHz),频偏漂移-低频-结果,平均频偏-中频(kHz),最大+ve频偏-中频(kHz),最大-ve频偏-中频(kHz),漂移速率-中频(kHz),最大漂移-中频(kHz),平均漂移-中频(kHz),频偏漂移-中频-结果,平均频偏-高频(kHz),最大+ve频偏-高频(kHz),最大-ve频偏-高频(kHz),漂移速率-高频(kHz),最大漂移-高频(kHz),平均漂移-高频(kHz),频偏漂移-高频-结果,单时隙灵敏度-测试结果,误码率-低频(%),误帧率-低频-结果,误码率-中频(%),误帧率-中频-结果,误码率-高频(%),误帧率-高频-结果,Unnamed: 50
14:21:06,,0:00:09,P2,TK-045,PASS,MAC: A4C138255917,PASS,-2.57,-2.58,0.21,-2.57,PASS,-2.0,-2.01,0.21,-2.01,PASS,-1.34,-1.35,0.15,-1.35,PASS,PASS,22.4,23.5,21.8,2.48,2,0,PASS,22.8,23.9,21.9,1.73,-2,0,PASS,23.4,24.2,22.1,-2.13,-2,0,PASS,PASS,4.4,PASS,2.2,PASS,0.6,PASS
14:21:57,,0:00:09,P2,TK-045,PASS,MAC: A4C138255B17,PASS,-2.59,-2.6,0.21,-2.59,PASS,-2.16,-2.17,0.22,-2.17,PASS,-1.26,-1.27,0.14,-1.26,PASS,PASS,21.8,23.1,21.0,-2.82,-3,0,PASS,22.3,23.2,20.4,-2.69,-2,0,PASS,22.7,23.8,21.9,-2.15,-3,0,PASS,PASS,4.4,PASS,2.4,PASS,0.4,PASS
14:22:36,,0:00:09,P2,TK-045,PASS,MAC: A4C138255817,PASS,-2.66,-2.67,0.22,-2.67,PASS,-2.21,-2.21,0.21,-2.21,PASS,-1.29,-1.29,0.16,-1.29,PASS,PASS,21.8,22.8,20.7,-2.31,-3,0,PASS,22.2,23.6,21.5,-2.68,2,0,PASS,22.6,23.6,21.8,2.07,-2,0,PASS,PASS,5.2,PASS,2.8,PASS,1.4,PASS
14:23:44,,0:00:09,P2,TK-045,PASS,MAC: A4C138255F17,PASS,-1.53,-1.54,0.21,-1.54,PASS,-1.03,-1.04,0.2,-1.04,PASS,-0.35,-0.35,0.15,-0.35,PASS,PASS,24.6,26.4,23.2,-1.85,-3,0,PASS,25.0,26.7,23.5,2.44,2,0,PASS,25.6,26.7,24.7,-2.53,2,1,PASS,PASS,1.0,PASS,1.4,PASS,0.2,PASS
14:27:22,,0:00:09,P2,TK-045,PASS,MAC: A4C138D55017,PASS,-0.75,-0.75,0.18,-0.75,PASS,-0.95,-0.95,0.22,-0.95,PASS,-0.82,-0.83,0.14,-0.82,PASS,PASS,22.0,22.9,21.0,2.08,-2,0,PASS,22.4,23.9,21.8,-2.35,2,1,PASS,22.9,23.9,21.6,2.51,-2,0,PASS,PASS,0.2,PASS,0.2,PASS,0.2,PASS
14:25:50,,0:00:09,P2,TK-045,PASS,MAC: A4C138D55217,PASS,-0.23,-0.23,0.18,-0.23,PASS,-0.34,-0.34,0.21,-0.34,PASS,-1.02,-1.03,0.15,-1.03,PASS,PASS,14.9,15.6,13.5,-2.25,-3,-1,PASS,15.2,16.3,14.3,2.23,2,0,PASS,15.5,16.8,14.3,-3.17,-3,-2,PASS,PASS,0.4,PASS,0.4,PASS,1.0,PASS
14:25:19,,0:00:09,P2,TK-045,PASS,MAC: A4C138D55B17,PASS,-0.35,-0.36,0.19,-0.35,PASS,-0.32,-0.32,0.2,-0.32,PASS,-1.05,-1.05,0.15,-1.05,PASS,PASS,18.3,19.3,17.6,-2.42,-2,0,PASS,18.7,19.6,17.3,-2.57,-3,-2,PASS,19.1,19.8,17.8,-2.51,-2,-1,PASS,PASS,0.2,PASS,0.4,PASS,0.2,PASS
14:24:21,,0:00:09,P2,TK-045,PASS,MAC: A4C138255117,PASS,-3.19,-3.19,0.24,-3.19,PASS,-2.54,-2.54,0.22,-2.54,PASS,-1.57,-1.57,0.15,-1.57,PASS,PASS,25.0,26.5,24.0,2.69,-3,-2,PASS,25.5,26.5,24.3,-2.25,-2,-1,PASS,26.0,27.7,24.9,2.84,-3,-1,PASS,PASS,10.6,PASS,5.2,PASS,1.0,PASS
14:28:19,,0:00:09,P2,TK-045,PASS,MAC: A4C138D55117,PASS,-1.28,-1.29,0.19,-1.28,PASS,-1.21,-1.21,0.23,-1.21,PASS,-0.91,-0.91,0.14,-0.91,PASS,PASS,26.0,27.1,25.1,-2.16,-2,-2,PASS,26.5,27.7,25.5,3.11,2,1,PASS,27.0,29.0,25.9,-2.65,-3,0,PASS,PASS,0.6,PASS,1.4,PASS,0.0,PASS
14:27:51,,0:00:09,P2,TK-045,PASS,MAC: A4C138D55A17,PASS,-1.2,-1.2,0.18,-1.2,PASS,-1.33,-1.33,0.23,-1.33,PASS,-1.18,-1.18,0.14,-1.18,PASS,PASS,23.5,24.5,22.2,-2.08,-3,-1,PASS,24.0,25.4,22.4,2.37,2,0,PASS,24.4,25.6,23.2,2.18,-2,-2,PASS,PASS,1.0,PASS,0.6,PASS,1.8,PASS
14:26:52,,0:00:09,P2,TK-045,PASS,MAC: A4C138D55E17,PASS,-1.15,-1.15,0.19,-1.15,PASS,-1.35,-1.35,0.22,-1.35,PASS,-1.33,-1.34,0.15,-1.33,PASS,PASS,20.7,22.2,19.7,-2.3,-3,0,PASS,21.1,21.9,20.1,2.31,2,0,PASS,21.5,22.5,19.8,2.62,-3,-1,PASS,PASS,0.6,PASS,1.8,PASS,1.2,PASS
14:26:19,,0:00:10,P2,TK-045,PASS,MAC: A4C138D55317,PASS,-0.62,-0.63,0.19,-0.63,PASS,-0.76,-0.76,0.22,-0.76,PASS,-0.89,-0.9,0.15,-0.89,PASS,PASS,19.4,20.7,18.4,-2.77,-3,-2,PASS,19.8,21.1,17.9,2.43,-3,0,PASS,20.2,21.4,18.6,3.72,3,0,PASS,PASS,0.2,PASS,0.6,PASS,0.4,PASS
14:26:19,,0:00:10,P2,TK-045,PASS,MAC: A4C138D55317,PASS,-0.62,-0.63,0.19,-0.63,PASS,-0.76,-0.76,0.22,-0.76,PASS,-0.89,-0.9,0.15,-0.89,PASS,PASS,19.4,20.7,18.4,-2.77,-3,-2,PASS,19.8,21.1,17.9,2.43,-3,0,PASS,20.2,21.4,18.6,3.72,3,0,PASS,PASS,0.2,PASS,0.6,PASS,0.4,PASS
14:31:52,,0:00:09,P2,TK-045,PASS,MAC: A4C138D55717,PASS,-2.4,-2.4,0.19,-2.4,PASS,-2.06,-2.07,0.21,-2.06,PASS,-2.44,-2.44,0.16,-2.44,PASS,PASS,19.4,20.8,18.6,2.05,-2,0,PASS,19.8,21.0,18.2,2.37,-3,-1,PASS,20.2,21.5,18.9,-2.3,-3,-2,PASS,PASS,4.4,PASS,2.8,PASS,4.6,PASS
14:29:21,,0:00:13,P2,TK-045,PASS,MAC: A4C138D55617,PASS,-1.36,-1.37,0.19,-1.36,PASS,-1.1,-1.1,0.21,-1.1,PASS,-2.17,-2.18,0.16,-2.17,PASS,PASS,29.1,30.5,28.4,-2.09,-2,0,PASS,29.6,30.9,28.8,-2.52,-3,0,PASS,30.2,31.6,28.8,-2.31,2,0,PASS,PASS,0.6,PASS,0.6,PASS,2.4,PASS
14:30:39,,0:00:09,P2,TK-045,PASS,MAC: A4C138255E17,PASS,-2.89,-2.89,0.19,-2.89,PASS,-2.62,-2.63,0.22,-2.63,PASS,-2.88,-2.89,0.17,-2.89,PASS,PASS,16.3,17.3,15.1,2.08,-2,0,PASS,16.6,17.8,15.6,-2.55,-3,-2,PASS,17.0,18.4,15.6,-2.59,-2,-1,PASS,PASS,9.0,PASS,6.4,PASS,4.6,PASS
14:32:29,,0:00:09,P2,TK-045,PASS,MAC: A4C138655217,PASS,-1.64,-1.64,0.19,-1.64,PASS,-1.46,-1.46,0.21,-1.46,PASS,-2.04,-2.04,0.16,-2.04,PASS,PASS,23.0,23.6,22.2,-2.13,3,0,PASS,23.4,24.3,22.4,2.22,-2,0,PASS,23.9,25.2,23.2,2.29,-2,-1,PASS,PASS,1.2,PASS,0.4,PASS,2.6,PASS
14:13:07,,0:00:09,P1,TK-045,PASS,MAC: A4C138355B17,PASS,-0.5,-0.5,0.13,-0.5,PASS,-0.91,-0.92,0.15,-0.92,PASS,-3.06,-3.06,0.17,-3.06,PASS,PASS,27.3,28.5,26.4,-2.24,-3,-1,PASS,27.8,29.3,26.7,2.24,2,0,PASS,28.4,29.7,27.6,-2.19,-3,-1,PASS,PASS,0.0,PASS,0.0,PASS,4.4,PASS
14:15:18,,0:00:09,P2,TK-045,PASS,MAC: A4C138355117,PASS,-2.82,-2.82,0.23,-2.82,PASS,-0.92,-0.93,0.19,-0.93,PASS,0.18,0.18,0.14,0.18,PASS,PASS,19.3,20.4,18.3,2.37,2,0,PASS,19.7,21.6,18.4,3.09,3,0,PASS,20.1,21.2,19.2,-3.09,-3,-1,PASS,PASS,5.4,PASS,0.0,PASS,0.0,PASS
14:14:46,,0:00:10,P2,TK-045,PASS,MAC: A4C138C55217,PASS,-3.66,-3.66,0.24,-3.66,PASS,-2.11,-2.12,0.18,-2.11,PASS,-0.59,-0.59,0.14,-0.59,PASS,PASS,21.4,22.2,19.8,-1.97,2,0,PASS,21.8,22.9,20.6,-2.59,-3,0,PASS,22.3,23.3,21.4,-3.05,-4,0,PASS,PASS,12.0,PASS,2.2,PASS,0.0,PASS
14:14:20,,0:00:09,P2,TK-045,PASS,MAC: A4C138355D17,PASS,-3.07,-3.08,0.24,-3.08,PASS,-1.65,-1.66,0.19,-1.66,PASS,-0.47,-0.47,0.14,-0.47,PASS,PASS,18.3,19.6,17.2,-2.41,-2,-1,PASS,18.7,20.1,17.7,2.67,-3,0,PASS,19.1,20.7,18.2,2.4,-3,-1,PASS,PASS,8.2,PASS,1.2,PASS,0.2,PASS
14:17:10,,0:00:09,P1,TK-045,PASS,MAC: A4C138355C17,PASS,0.03,0.02,0.13,0.03,PASS,-0.56,-0.56,0.15,-0.56,PASS,-2.65,-2.65,0.18,-2.65,PASS,PASS,21.4,22.6,20.0,2.6,2,0,PASS,21.8,23.0,21.2,-2.9,-2,-1,PASS,22.2,23.7,21.4,2.73,3,0,PASS,PASS,0.2,PASS,0.6,PASS,3.6,PASS
14:16:56,,0:00:09,P2,TK-045,PASS,MAC: A4C138355E17,PASS,-2.84,-2.84,0.24,-2.84,PASS,-0.74,-0.75,0.17,-0.75,PASS,0.2,0.19,0.14,0.2,PASS,PASS,22.9,23.9,21.7,2.54,-2,-1,PASS,23.4,25.0,22.3,2.06,2,0,PASS,23.8,25.5,22.6,-2.23,-2,0,PASS,PASS,6.6,PASS,0.4,PASS,0.2,PASS
14:16:17,,0:00:09,P2,TK-045,PASS,MAC: A4C138355017,PASS,-2.95,-2.95,0.25,-2.95,PASS,-1.24,-1.25,0.19,-1.24,PASS,-0.3,-0.31,0.15,-0.3,PASS,PASS,22.2,23.2,21.3,-2.16,-2,0,PASS,22.6,23.4,21.3,-2.57,-3,-2,PASS,23.1,24.2,22.1,-2.26,-3,0,PASS,PASS,4.4,PASS,0.0,PASS,0.0,PASS
14:15:45,,0:00:10,P2,TK-045,PASS,MAC: A4C138355917,PASS,-3.18,-3.22,0.24,-3.21,PASS,-1.26,-1.3,0.17,-1.28,PASS,-0.05,-0.1,0.15,-0.09,PASS,PASS,24.9,25.7,23.4,-2.25,-3,-1,PASS,25.4,26.2,24.2,1.89,-3,0,PASS,25.9,26.8,24.7,2.75,-3,-1,PASS,PASS,5.4,PASS,0.8,PASS,0.2,PASS
14:18:23,,0:00:09,P2,TK-045,PASS,MAC: A4C138255A17,PASS,-1.46,-1.46,0.2,-1.46,PASS,-1.32,-1.33,0.21,-1.32,PASS,-1.33,-1.33,0.16,-1.33,PASS,PASS,24.2,25.6,23.1,-2.63,-3,0,PASS,24.7,26.1,23.6,2.2,-3,-1,PASS,25.2,26.8,24.2,-2.37,2,0,PASS,PASS,1.6,PASS,2.6,PASS,0.4,PASS
14:18:05,,0:00:09,P1,TK-045,PASS,MAC: A4C138355F17,PASS,-0.05,-0.05,0.12,-0.05,PASS,-0.64,-0.64,0.15,-0.64,PASS,-2.79,-2.79,0.16,-2.79,PASS,PASS,17.2,18.2,15.9,-2.56,-3,0,PASS,17.6,18.8,16.2,-2.59,-3,-1,PASS,18.0,19.2,16.4,2.23,2,0,PASS,PASS,0.0,PASS,0.4,PASS,3.6,PASS
14:17:51,,0:00:09,P2,TK-045,PASS,MAC: A4C138355717,PASS,-0.5,-0.5,0.19,-0.5,PASS,-0.51,-0.51,0.21,-0.51,PASS,-0.84,-0.85,0.15,-0.84,PASS,PASS,27.4,28.2,26.5,2.02,-2,0,PASS,27.9,28.8,27.0,2.62,-3,-1,PASS,28.4,29.2,26.6,2.13,-2,0,PASS,PASS,0.0,PASS,0.2,PASS,0.2,PASS
14:17:24,,0:00:10,P2,TK-045,PASS,MAC: A4C138355417,PASS,-4.46,-4.47,0.25,-4.47,PASS,-1.74,-1.75,0.17,-1.74,PASS,-0.4,-0.41,0.14,-0.4,PASS,PASS,25.0,26.4,24.0,-2.48,-3,-1,PASS,25.5,27.0,24.4,-2.19,-3,-1,PASS,26.0,26.8,24.5,2.3,-2,0,PASS,PASS,28.4,PASS,1.0,PASS,0.0,PASS
14:18:38,,0:00:09,P1,TK-045,PASS,MAC: A4C138355317,PASS,-0.21,-0.21,0.14,-0.21,PASS,-0.82,-0.82,0.14,-0.82,PASS,-3.12,-3.13,0.15,-3.12,PASS,PASS,22.0,23.4,20.8,2.22,-2,0,PASS,22.4,23.8,21.1,-2.52,-2,0,PASS,22.9,24.0,22.0,-2.34,-3,-1,PASS,PASS,0.2,PASS,0.2,PASS,5.2,PASS
14:19:04,,0:00:09,P2,TK-045,PASS,MAC: A4C138355517,PASS,-1.22,-1.22,0.2,-1.22,PASS,-0.93,-0.94,0.2,-0.93,PASS,-0.76,-0.76,0.15,-0.76,PASS,PASS,25.4,26.1,24.1,-2.72,-3,0,PASS,25.9,27.2,24.6,2.41,-3,0,PASS,26.4,27.7,25.4,2.26,-2,0,PASS,PASS,0.2,PASS,0.6,PASS,0.2,PASS
14:19:36,,0:00:09,P2,TK-045,PASS,MAC: A4C138355217,PASS,-2.84,-2.84,0.23,-2.84,PASS,-2.18,-2.19,0.21,-2.19,PASS,-1.57,-1.58,0.17,-1.58,PASS,PASS,15.1,16.2,14.1,2.3,-2,0,PASS,15.4,16.8,14.2,-2.77,-3,0,PASS,15.8,17.0,14.7,-2.75,-3,-2,PASS,PASS,5.6,PASS,3.8,PASS,1.0,PASS
14:19:50,,0:00:09,P1,TK-045,PASS,MAC: A4C138355617,PASS,-0.53,-0.53,0.13,-0.53,PASS,-1.18,-1.18,0.15,-1.18,PASS,-3.41,-3.41,0.16,-3.41,PASS,PASS,21.5,22.8,20.4,2.15,-2,0,PASS,22.0,23.4,21.0,2.3,2,0,PASS,22.4,23.6,21.2,-2.02,-2,-1,PASS,PASS,0.0,PASS,0.2,PASS,9.8,PASS
14:40:58,,0:00:09,P2,TK-045,PASS,MAC: A4C138E55427,PASS,-2.47,-2.52,0.21,-2.5,PASS,-2.17,-2.18,0.23,-2.18,PASS,-2.63,-2.68,0.16,-2.66,PASS,PASS,16.1,16.9,14.9,2.14,-2,-1,PASS,16.5,18.9,15.1,-2.48,-4,-2,PASS,16.8,17.9,15.5,-2.59,-2,-1,PASS,PASS,2.6,PASS,2.8,PASS,3.4,PASS
14:41:12,,0:00:09,P1,TK-045,PASS,MAC: A4C138E55527,PASS,-0.86,-0.91,0.13,-0.9,PASS,-1.27,-1.31,0.14,-1.3,PASS,-3.4,-3.45,0.17,-3.44,PASS,PASS,18.7,19.8,17.7,-2.03,-3,0,PASS,19.1,20.5,17.8,2.45,-3,0,PASS,19.5,20.4,18.1,-2.48,-2,-2,PASS,PASS,0.8,PASS,0.0,PASS,5.4,PASS
14:41:44,,0:00:09,P1,TK-045,PASS,MAC: A4C138E55227,PASS,-1.19,-1.19,0.13,-1.19,PASS,-1.58,-1.58,0.16,-1.58,PASS,-3.7,-3.7,0.18,-3.7,PASS,PASS,23.3,24.2,22.2,-2.58,-3,-1,PASS,23.7,24.6,22.5,-2.1,-3,-1,PASS,24.2,25.3,23.0,2.64,-3,-1,PASS,PASS,0.4,PASS,0.8,PASS,9.8,PASS
14:42:10,,0:00:09,P2,TK-045,PASS,MAC: A4C138355127,PASS,-2.17,-2.22,0.2,-2.2,PASS,-1.67,-1.72,0.21,-1.7,PASS,-2.06,-2.11,0.19,-2.1,PASS,PASS,23.0,24.3,21.8,-2.37,-4,0,PASS,23.5,24.8,22.4,2.53,-3,0,PASS,24.0,25.1,22.7,-2.49,-2,0,PASS,PASS,3.4,PASS,2.0,PASS,1.8,PASS
14:43:07,,0:00:09,P1,TK-045,PASS,MAC: A4C138355027,PASS,0.99,0.99,0.13,0.99,PASS,0.41,0.4,0.15,0.41,PASS,-1.84,-1.85,0.16,-1.85,PASS,PASS,21.3,23.1,20.3,-2.65,2,0,PASS,21.7,22.4,20.7,-2.34,-2,-1,PASS,22.2,23.5,20.8,-2.24,-2,-1,PASS,PASS,0.0,PASS,0.0,PASS,1.4,PASS
14:44:02,,0:00:09,P2,TK-045,PASS,MAC: A4C138355627,PASS,-2.09,-2.1,0.2,-2.1,PASS,-1.27,-1.27,0.19,-1.27,PASS,-1.72,-1.72,0.16,-1.72,PASS,PASS,20.2,21.4,19.2,-2.44,-2,0,PASS,20.6,21.8,19.1,-2.69,-3,0,PASS,21.1,22.2,19.8,2.23,2,0,PASS,PASS,4.0,PASS,0.8,PASS,1.6,PASS
14:43:47,,0:00:10,P1,TK-045,PASS,MAC: A4C138255327,PASS,-0.45,-0.46,0.13,-0.45,PASS,-0.91,-0.91,0.15,-0.91,PASS,-3.07,-3.07,0.16,-3.07,PASS,PASS,21.9,23.0,20.6,-2.59,-3,0,PASS,22.3,23.1,21.1,2.18,-2,-1,PASS,22.8,23.6,21.5,-2.52,3,0,PASS,PASS,0.4,PASS,0.6,PASS,7.8,PASS
14:42:53,,0:00:09,P2,TK-045,PASS,MAC: A4C138D55B27,PASS,-3.55,-3.56,0.22,-3.55,PASS,-3.15,-3.15,0.22,-3.15,PASS,-3.33,-3.33,0.17,-3.33,PASS,PASS,22.8,23.7,21.9,2.49,-2,0,PASS,23.3,24.4,22.3,2.61,-2,0,PASS,23.7,24.8,22.5,2.2,-2,-1,PASS,PASS,9.4,PASS,6.0,PASS,7.2,PASS
14:45:31,,0:00:09,P2,TK-045,PASS,MAC: A4C138255D27,PASS,-2.19,-2.19,0.21,-2.19,PASS,-1.27,-1.28,0.19,-1.27,PASS,-1.41,-1.42,0.16,-1.42,PASS,PASS,21.9,23.3,20.6,-2.47,2,0,PASS,22.3,23.1,21.4,2.48,2,0,PASS,22.7,23.9,21.4,2.74,3,0,PASS,PASS,4.6,PASS,2.2,PASS,1.0,PASS
14:45:01,,0:00:10,P2,TK-045,PASS,MAC: A4C138255827,PASS,-1.84,-1.84,0.21,-1.84,PASS,-1.14,-1.15,0.21,-1.14,PASS,-1.6,-1.61,0.16,-1.6,PASS,PASS,13.8,15.2,12.8,-1.99,2,-1,PASS,14.1,15.3,12.8,-2.66,-2,-1,PASS,14.4,15.9,13.0,2.83,-3,-1,PASS,PASS,2.8,PASS,1.8,PASS,1.6,PASS
14:44:45,,0:00:09,P1,TK-045,PASS,MAC: A4C138355727,PASS,0.31,0.31,0.12,0.31,PASS,-0.32,-0.32,0.14,-0.32,PASS,-2.61,-2.62,0.15,-2.61,PASS,PASS,21.8,23.0,20.7,1.99,-3,-1,PASS,22.3,23.5,21.2,2.66,-2,0,PASS,22.7,24.3,21.4,-3.04,-3,-1,PASS,PASS,0.2,PASS,0.6,PASS,2.8,PASS
14:44:27,,0:00:09,P2,TK-045,PASS,MAC: A4C138255927,PASS,-1.63,-1.63,0.2,-1.63,PASS,-1.05,-1.05,0.2,-1.05,PASS,-1.49,-1.49,0.15,-1.49,PASS,PASS,22.2,23.1,21.4,-2.38,-3,-1,PASS,22.6,23.7,21.9,2.19,2,0,PASS,23.1,23.9,22.2,-2.52,3,1,PASS,PASS,1.6,PASS,0.6,PASS,0.8,PASS
14:47:25,,0:00:09,P1,TK-045,PASS,MAC: A4C138355427,PASS,-0.41,-0.41,0.13,-0.41,PASS,-0.96,-0.97,0.15,-0.97,PASS,-3.24,-3.24,0.16,-3.24,PASS,PASS,21.2,21.8,20.0,-2.18,3,0,PASS,21.6,22.9,20.2,2.78,-2,0,PASS,22.0,23.1,21.3,-2.55,-3,-1,PASS,PASS,0.0,PASS,1.0,PASS,6.4,PASS
14:46:30,,0:00:09,P2,TK-045,PASS,MAC: A4C138255C27,PASS,-2.71,-2.71,0.22,-2.71,PASS,-1.99,-1.99,0.19,-1.99,PASS,-2.02,-2.03,0.16,-2.03,PASS,PASS,19.9,21.3,18.2,2.83,-2,0,PASS,20.3,21.6,18.9,2.15,-3,-1,PASS,20.8,21.9,19.8,-2.66,3,0,PASS,PASS,6.0,PASS,1.4,PASS,2.6,PASS
14:46:15,,0:00:10,P1,TK-045,PASS,MAC: A4C138255F27,PASS,-0.83,-0.87,0.13,-0.84,PASS,-1.31,-1.35,0.16,-1.32,PASS,-3.48,-3.53,0.16,-3.5,PASS,PASS,21.0,22.4,19.4,2.61,-2,0,PASS,21.4,22.7,20.0,-2.33,-3,0,PASS,21.8,22.8,20.8,-2.64,-3,0,PASS,PASS,0.6,PASS,0.6,PASS,9.2,PASS
14:29:58,,0:00:09,P2,TK-045,FAIL,MAC: A4C138555917,PASS,-1.19,-1.19,0.18,-1.19,PASS,-0.97,-0.97,0.19,-0.97,PASS,-1.89,-1.9,0.16,-1.89,PASS,PASS,23.5,25.2,22.9,2.86,-3,0,PASS,24.0,25.7,23.0,2.29,-3,-1,PASS,24.5,26.1,23.1,2.42,-2,-1,PASS,FAIL,97.6,FAIL,100.0,FAIL,100.0,FAIL
14:33:55,,0:00:09,P1,TK-045,PASS,MAC: A4C138655317,PASS,0.01,0.0,0.14,0.0,PASS,-0.52,-0.52,0.15,-0.52,PASS,-2.62,-2.62,0.16,-2.62,PASS,PASS,17.9,19.2,17.1,-2.36,-3,-1,PASS,18.2,19.4,17.0,-2.19,-3,-1,PASS,18.6,19.7,17.5,-2.48,2,-1,PASS,PASS,0.2,PASS,0.8,PASS,2.6,PASS
14:34:32,,0:00:09,P1,TK-045,PASS,MAC: A4C138C55917,PASS,-0.66,-0.67,0.13,-0.66,PASS,-1.23,-1.24,0.15,-1.23,PASS,-3.28,-3.28,0.17,-3.28,PASS,PASS,20.8,21.6,18.9,-2.49,3,1,PASS,21.2,22.1,20.0,2.72,-3,0,PASS,21.7,23.2,20.5,2.75,-2,0,PASS,PASS,0.4,PASS,0.4,PASS,6.6,PASS
14:33:11,,0:00:09,P2,TK-045,PASS,MAC: A4C138555817,PASS,-1.39,-1.4,0.21,-1.39,PASS,-1.11,-1.11,0.2,-1.11,PASS,-1.78,-1.78,0.16,-1.78,PASS,PASS,22.4,23.5,21.3,2.24,-2,0,PASS,22.8,24.2,21.2,2.49,-2,-1,PASS,23.3,25.0,22.3,2.51,-3,-1,PASS,PASS,2.4,PASS,0.6,PASS,1.6,PASS
14:36:21,,0:00:09,P2,TK-045,PASS,MAC: A4C138555B17,PASS,-2.15,-2.15,0.2,-2.15,PASS,-1.49,-1.5,0.21,-1.49,PASS,-1.73,-1.73,0.15,-1.73,PASS,PASS,17.7,19.1,16.7,2.47,-2,-2,PASS,18.1,19.4,17.0,2.1,2,0,PASS,18.4,19.8,17.4,2.67,-3,0,PASS,PASS,2.4,PASS,2.0,PASS,0.4,PASS
14:35:52,,0:00:09,P2,TK-045,PASS,MAC: A4C138D55A27,PASS,-2.17,-2.18,0.21,-2.18,PASS,-1.91,-1.92,0.2,-1.92,PASS,-2.37,-2.37,0.16,-2.37,PASS,PASS,22.1,22.8,21.0,-1.95,-3,-1,PASS,22.5,23.5,21.4,2.27,-2,-1,PASS,23.0,23.8,22.1,2.7,-3,-1,PASS,PASS,3.0,PASS,2.2,PASS,3.2,PASS
14:35:21,,0:00:09,P1,TK-045,PASS,MAC: A4C138555F17,PASS,-0.65,-0.66,0.13,-0.65,PASS,-1.2,-1.2,0.17,-1.2,PASS,-3.35,-3.35,0.17,-3.35,PASS,PASS,16.9,18.0,15.9,2.08,-3,-2,PASS,17.3,18.2,16.2,-2.44,3,0,PASS,17.7,19.0,16.4,-2.73,-3,-1,PASS,PASS,0.6,PASS,0.2,PASS,6.2,PASS
14:34:49,,0:00:09,P2,TK-045,PASS,MAC: A4C138555A17,PASS,-1.79,-1.8,0.2,-1.79,PASS,-1.45,-1.45,0.2,-1.45,PASS,-1.91,-1.92,0.16,-1.91,PASS,PASS,20.5,21.7,19.6,-2.32,-2,0,PASS,20.9,22.1,19.9,2.19,-2,0,PASS,21.3,22.3,20.0,-2.5,-2,0,PASS,PASS,2.8,PASS,1.2,PASS,1.0,PASS
14:38:30,,0:00:09,P1,TK-045,PASS,MAC: A4C138E55727,PASS,0.52,0.51,0.13,0.52,PASS,-0.13,-0.14,0.14,-0.13,PASS,-2.21,-2.22,0.15,-2.21,PASS,PASS,21.4,22.8,20.2,2.38,-2,0,PASS,21.9,23.9,20.8,2.29,2,-1,PASS,22.3,23.9,21.2,2.74,-3,0,PASS,PASS,0.0,PASS,0.0,PASS,2.6,PASS
14:37:35,,0:00:09,P2,TK-045,PASS,MAC: A4C138555117,PASS,-2.02,-2.02,0.2,-2.02,PASS,-1.81,-1.81,0.22,-1.81,PASS,-2.24,-2.24,0.16,-2.24,PASS,PASS,20.2,21.0,19.3,2.28,-3,-1,PASS,20.6,22.0,18.8,2.59,-3,-1,PASS,21.0,22.5,20.0,3.03,-4,-1,PASS,PASS,2.0,PASS,2.0,PASS,2.8,PASS
14:37:04,,0:00:09,P1,TK-045,PASS,MAC: A4C138655617,PASS,-0.32,-0.33,0.13,-0.33,PASS,-0.89,-0.89,0.14,-0.89,PASS,-2.99,-2.99,0.16,-2.99,PASS,PASS,22.6,23.8,21.6,2.38,-2,-1,PASS,23.1,24.1,22.0,2.32,-3,-1,PASS,23.5,24.8,22.9,2.47,-3,0,PASS,PASS,0.4,PASS,0.6,PASS,3.8,PASS
14:36:50,,0:00:09,P2,TK-045,PASS,MAC: A4C138555E17,PASS,-2.69,-2.7,0.22,-2.7,PASS,-2.03,-2.03,0.2,-2.03,PASS,-2.0,-2.01,0.15,-2.0,PASS,PASS,19.5,20.5,18.2,2.34,-3,-1,PASS,19.9,21.2,18.2,2.4,-3,-1,PASS,20.4,22.0,19.2,-3.04,2,0,PASS,PASS,5.4,PASS,2.2,PASS,1.6,PASS
14:38:08,,0:00:09,P2,TK-045,PASS,MAC: A4C138E55F27,PASS,-1.24,-1.28,0.2,-1.24,PASS,-1.04,-1.08,0.19,-1.05,PASS,-2.05,-2.1,0.17,-2.06,PASS,PASS,16.9,17.8,15.6,2.33,-2,1,PASS,17.3,18.5,16.3,2.38,-3,0,PASS,17.6,18.5,16.5,2.55,-3,0,PASS,PASS,0.8,PASS,1.4,PASS,1.0,PASS
14:39:35,,0:00:10,P1,TK-045,PASS,MAC: A4C138E55627,PASS,-0.08,-0.09,0.13,-0.09,PASS,-0.63,-0.64,0.15,-0.64,PASS,-2.75,-2.75,0.17,-2.75,PASS,PASS,19.5,20.7,18.4,2.01,-2,-1,PASS,19.9,21.3,18.6,-2.09,-3,0,PASS,20.3,21.8,18.5,2.95,-2,-2,PASS,PASS,0.2,PASS,0.2,PASS,4.2,PASS
14:38:59,,0:00:09,P2,TK-045,PASS,MAC: A4C138E55E27,PASS,-1.18,-1.19,0.19,-1.18,PASS,-0.77,-0.78,0.2,-0.78,PASS,-1.79,-1.79,0.17,-1.79,PASS,PASS,20.0,21.3,18.3,2.67,-2,0,PASS,20.4,21.2,19.5,2.47,-3,0,PASS,20.8,22.0,19.6,2.38,-2,0,PASS,PASS,0.8,PASS,0.6,PASS,1.8,PASS
14:40:16,,0:00:09,P2,TK-045,PASS,MAC: A4C138D55D27,PASS,-2.26,-2.27,0.2,-2.27,PASS,-1.74,-1.75,0.21,-1.75,PASS,-2.36,-2.37,0.16,-2.37,PASS,PASS,18.6,19.2,17.6,2.47,-3,0,PASS,19.0,19.9,18.1,-2.07,-3,-1,PASS,19.4,20.8,18.1,2.69,3,0,PASS,PASS,2.6,PASS,2.0,PASS,2.4,PASS
20:36:33,,0:00:10,P2,TK-045,PASS,MAC: A4C138B55EE7,PASS,3.65,3.65,0.12,3.65,PASS,3.15,3.15,0.16,3.15,PASS,-1.99,-2.0,0.19,-2.0,PASS,PASS,27.0,27.8,25.9,2.14,3,1,PASS,27.5,28.5,26.0,-2.31,-3,0,PASS,28.0,29.2,27.4,-3.05,-3,-1,PASS,PASS,0.0,PASS,0.0,PASS,1.0,PASS
20:36:50,,0:00:09,P1,TK-045,PASS,MAC: A4C138B557E7,PASS,2.83,2.83,0.12,2.83,PASS,2.32,2.32,0.13,2.32,PASS,0.83,0.83,0.15,0.83,PASS,PASS,16.5,17.4,15.2,-2.53,-2,0,PASS,16.9,18.1,15.8,-2.01,-3,0,PASS,17.2,18.4,16.1,-2.48,-3,-1,PASS,PASS,0.0,PASS,0.0,PASS,0.0,PASS
20:37:04,,0:00:09,P2,TK-045,PASS,MAC: A4C138A559E7,PASS,3.85,3.85,0.12,3.85,PASS,3.32,3.31,0.16,3.31,PASS,-1.94,-1.96,0.2,-1.95,PASS,PASS,17.5,18.9,16.5,2.63,2,0,PASS,17.9,18.8,16.8,-2.46,-2,-1,PASS,18.3,19.7,17.0,3.02,-3,0,PASS,PASS,0.0,PASS,0.0,PASS,1.6,PASS
20:37:23,,0:00:10,P1,TK-045,PASS,MAC: A4C138B551B0,PASS,2.1,2.09,0.13,2.09,PASS,1.63,1.63,0.14,1.63,PASS,0.15,0.14,0.14,0.14,PASS,PASS,22.8,23.9,22.0,2.51,-2,0,PASS,23.3,24.3,21.7,2.26,2,0,PASS,23.8,24.8,22.2,2.8,-3,-1,PASS,PASS,0.0,PASS,0.0,PASS,0.0,PASS
20:38:20,,0:00:09,P1,TK-045,PASS,MAC: A4C138B556B0,PASS,1.62,1.61,0.13,1.61,PASS,1.2,1.2,0.14,1.2,PASS,-0.31,-0.32,0.15,-0.32,PASS,PASS,22.1,23.5,21.2,2.89,-3,-1,PASS,22.6,23.9,21.7,-2.41,-3,-2,PASS,23.0,24.0,21.5,-2.25,-3,-1,PASS,PASS,0.0,PASS,0.0,PASS,0.4,PASS
20:38:06,,0:00:09,P2,TK-045,PASS,MAC: A4C138B552E7,PASS,3.6,3.56,0.11,3.59,PASS,3.11,3.07,0.15,3.11,PASS,-2.12,-2.17,0.2,-2.14,PASS,PASS,16.3,17.5,15.3,-2.51,-3,0,PASS,16.7,17.5,15.5,2.06,-3,0,PASS,17.1,18.3,15.9,2.07,-2,0,PASS,PASS,0.2,PASS,0.0,PASS,1.4,PASS
20:37:52,,0:00:09,P1,TK-045,PASS,MAC: A4C138B550E7,PASS,0.95,0.94,0.13,0.95,PASS,0.54,0.54,0.14,0.54,PASS,-0.92,-0.92,0.15,-0.92,PASS,PASS,21.4,22.3,19.9,-2.21,2,0,PASS,21.8,23.1,20.6,2.15,-2,-1,PASS,22.3,23.6,21.3,-2.69,2,0,PASS,PASS,0.0,PASS,0.0,PASS,1.0,PASS
20:37:38,,0:00:09,P2,TK-045,PASS,MAC: A4C138B555E7,PASS,3.86,3.85,0.11,3.86,PASS,3.33,3.33,0.15,3.33,PASS,-1.91,-1.91,0.18,-1.91,PASS,PASS,26.4,27.4,25.1,-3.1,-2,0,PASS,26.8,27.7,25.7,-2.25,-3,-1,PASS,27.4,28.0,26.5,1.97,2,0,PASS,PASS,0.2,PASS,0.0,PASS,2.6,PASS
20:38:35,,0:00:09,P2,TK-045,PASS,MAC: A4C138A55CB0,PASS,3.7,3.69,0.12,3.7,PASS,3.12,3.12,0.16,3.12,PASS,-1.94,-1.94,0.2,-1.94,PASS,PASS,13.7,15.2,12.6,2.17,-3,-2,PASS,14.0,15.2,12.7,-3.22,-3,-1,PASS,14.3,15.3,13.3,-2.22,-2,-1,PASS,PASS,0.0,PASS,0.0,PASS,3.0,PASS
20:38:49,,0:00:09,P1,TK-045,PASS,MAC: A4C138B556E7,PASS,2.61,2.61,0.12,2.61,PASS,2.15,2.15,0.13,2.15,PASS,0.61,0.6,0.15,0.61,PASS,PASS,21.6,22.6,20.3,-2.52,-2,-1,PASS,22.0,23.0,20.8,-2.46,-2,-1,PASS,22.5,23.8,21.2,-2.29,-3,0,PASS,PASS,0.0,PASS,0.0,PASS,0.0,PASS
20:39:17,,0:00:09,P1,TK-045,PASS,MAC: A4C1388551E7,PASS,1.38,1.37,0.13,1.38,PASS,0.9,0.89,0.14,0.9,PASS,-0.66,-0.66,0.15,-0.66,PASS,PASS,19.0,20.2,18.0,2.36,-2,-1,PASS,19.3,20.4,18.1,2.24,-2,0,PASS,19.8,20.8,18.6,-1.91,-2,-1,PASS,PASS,0.0,PASS,0.0,PASS,0.2,PASS
20:40:27,,0:00:10,P1,TK-045,PASS,MAC: A4C138B551E7,PASS,0.99,0.99,0.13,0.99,PASS,0.53,0.53,0.15,0.53,PASS,-0.98,-0.99,0.16,-0.98,PASS,PASS,17.8,19.6,16.6,-2.3,-3,-2,PASS,18.1,19.1,16.2,2.61,-3,-2,PASS,18.5,20.4,17.0,2.66,-3,-1,PASS,PASS,0.0,PASS,0.0,PASS,0.2,PASS
20:39:59,,0:00:09,P1,TK-045,PASS,MAC: A4C138A559B0,PASS,1.43,1.43,0.13,1.43,PASS,1.02,1.01,0.15,1.01,PASS,-0.47,-0.47,0.14,-0.47,PASS,PASS,24.3,25.4,23.4,-2.16,-4,0,PASS,24.8,25.8,23.5,3.54,-3,0,PASS,25.3,26.5,24.5,2.3,-3,0,PASS,PASS,0.2,PASS,0.0,PASS,0.0,PASS
20:40:13,,0:00:09,P2,TK-045,PASS,MAC: A4C138855AE7,PASS,4.48,4.48,0.12,4.48,PASS,4.14,4.13,0.15,4.13,PASS,0.17,0.16,0.15,0.17,PASS,PASS,15.0,16.1,13.8,-2.36,-2,0,PASS,15.3,16.6,14.0,2.15,-2,-1,PASS,15.6,16.5,14.5,-2.39,-2,-1,PASS,PASS,0.0,PASS,0.0,PASS,0.2,PASS
20:39:31,,0:00:09,P2,TK-045,FAIL,MAC: A4C138B554E7,FAIL,5.31,5.3,0.12,5.3,FAIL,4.92,4.92,0.15,4.92,PASS,1.0,0.99,0.15,1.0,PASS,PASS,18.0,19.3,17.1,-3.09,-3,0,PASS,18.4,19.2,17.1,-2.74,-3,-1,PASS,18.8,20.4,17.5,-2.08,2,-1,PASS,PASS,0.0,PASS,0.0,PASS,0.0,PASS
20:41:28,,0:00:09,P2,TK-045,PASS,MAC: A4C138B553E7,PASS,4.21,4.2,0.11,4.21,PASS,3.92,3.91,0.16,3.92,PASS,-0.13,-0.14,0.16,-0.14,PASS,PASS,19.8,20.8,18.1,-2.27,3,0,PASS,20.2,21.4,19.3,2.09,-2,-2,PASS,20.6,21.7,19.9,-2.29,-2,0,PASS,PASS,0.0,PASS,0.0,PASS,0.2,PASS
